name,city,lat,lon,postcode,website,opening_hours,street,state,source
Altamont Orchards Farm Stand,Altamont,42.72256,-74.01493,12009,http://www.altamontorchards.com,"Mon-Fri 10am-5pm, Sat/Sun 9:30am-4pm",,NY,ny_open_data:qq4h-8p86
Colonie Farmers' Market at the Crossings,Colonie,42.71016,-73.78029,12211,http://www.colonie.org,Sat 9am-1pm,,NY,ny_open_data:qq4h-8p86
Delaware Community Farmers' Market,Albany,42.64305,-73.77824,12209,,Tue 4pm-7pm,,NY,ny_open_data:qq4h-8p86
Empire State Plaza Wed Farmers' Market,Albany,42.65068,-73.758,12210,https://empirestateplaza.ny.gov/empire-state-plaza-farmers-market,Wed 10am-2pm,,NY,ny_open_data:qq4h-8p86
The Gade Farm Farm Stand,Altamont,42.71055,-73.92593,12009,http://www.gadefarm.com,"Mon-Fri 9am-6pm, Sun/Sat 9am-4pm",,NY,ny_open_data:qq4h-8p86
Veggie Mobile Sprout-St. Sophia Church,Albany,42.65197,-73.81477,12208,http://www.capitalroots.org,Wed 11:30am-12:30pm,,NY,ny_open_data:qq4h-8p86
Veggie Mobile-Cohoes Senior Ctr,Cohoes,42.77603,-73.70103,12047,http://www.capitalroots.org,Wed 2pm-3pm,,NY,ny_open_data:qq4h-8p86
Veggie Mobile-South Mall Towers,Albany,42.6465,-73.75482,12207,http://www.capitalroots.org,Fri 10:30am-11:30am,,NY,ny_open_data:qq4h-8p86
Veggie Mobile-Steamboat Square Apts,Albany,42.64071,-73.75345,12202,http://www.capitalroots.org,Thu 3pm-3:45am,,NY,ny_open_data:qq4h-8p86
Veggie Mobile-Thurlow Terrace,Albany,42.65998,-73.77276,12203,http://www.capitalroots.org,Wed 12:45pm-1:30pm,,NY,ny_open_data:qq4h-8p86
Veggie Mobile-Whitney Young Health Ctr,Albany,42.66215,-73.74859,12207,http://www.capitalroots.org,Tue 11am-12pm,,NY,ny_open_data:qq4h-8p86
Voorheesville Farmers' Market,Voorheesville,42.64892,-73.92991,12186,,Wed 3:30pm-6:30pm,,NY,ny_open_data:qq4h-8p86
West Hill Farmers Market,Albany,42.66681,-73.77054,12206,,Sat 12pm-3pm,,NY,ny_open_data:qq4h-8p86
Alfred Farmers' Market,Alfred,42.25359,-77.79036,14802,http://www.alfredfarmersmarket.com,Sun 11am-3pm,,NY,ny_open_data:qq4h-8p86
Angelica Farmers' Market,Angelica,42.30537,-78.01551,14709,http://angelicafarmersmarket.com,Sat 10am-2pm,,NY,ny_open_data:qq4h-8p86
Belmont Farmers' Market,Belmont,42.2356,-78.05212,14813,,Thu 11am-3pm,,NY,ny_open_data:qq4h-8p86
Dirty Hands Farm Stand,Fillmore,42.46624,-78.11227,14735,,Sat 8:30am-11:30am,,NY,ny_open_data:qq4h-8p86
Ramsey Fresh Foods Farm Stand,Scio,42.16076,-77.98063,14880,,Sat-Thu 10am-7pm,,NY,ny_open_data:qq4h-8p86
Wagoner Bees & Produce Farm Stand,Fillmore,42.48057,-78.09042,14735,,"Mon/Wed/Sun 1pm-5pm, Fri 1pm-4pm, Sat 10am-5pm",,NY,ny_open_data:qq4h-8p86
170 Farm Stand,Bronx,40.84009,-73.9166,10452,http://www.newsettlement.org/170FarmStand,Wednesday 2pm-6pm,,NY,ny_open_data:qq4h-8p86
Bissel Gardens Farmers' Market-Sat,Bronx,40.90151,-73.84702,10470,http://www.bisselgardens.org,Sat 10am-4pm,,NY,ny_open_data:qq4h-8p86
Bronx Borough Hall Greenmarket,Bronx,40.82554,-73.91838,10451,http://www.grownyc.org/greenmarket,Tue 8am-4pm,,NY,ny_open_data:qq4h-8p86
Bronx Park East Farmers' Market,Bronx,40.8521,-73.86869,12748,http://bxpemarket.com,Sun 9am-4pm,,NY,ny_open_data:qq4h-8p86
BronxWorks Farm Stand,Bronx,40.83256,-73.9192,10456,,Thu 10am-2pm,,NY,ny_open_data:qq4h-8p86
Children's Aid-Whitney Young Jr Campus,Bronx,40.8437,-73.88992,10457,http://childrensaidnyc.org,Thu 1:30pm-4pm,,NY,ny_open_data:qq4h-8p86
Eastchester GrowNYC Farm Stand,Bronx,40.88504,-73.84314,10466,http://www.grownyc.org,Wed 10am-3pm,,NY,ny_open_data:qq4h-8p86
Harvest Home Co-op City Farmers' Market,Bronx,40.87025,-73.83097,10475,http://www.harvesthomefm.org,Wed/Sat 8am-3pm,,NY,ny_open_data:qq4h-8p86
Harvest Home Hunts Point Farmers' Market,Bronx,40.81323,-73.88711,10474,http://www.harvesthomefm.org,Wed 8am-3pm,,NY,ny_open_data:qq4h-8p86
Harvest Home Jacobi Hospital Fri Farmers' Market,Bronx,40.85738,-73.84631,10461,http://www.harvesthomefm.org,Fri 8am-3pm,,NY,ny_open_data:qq4h-8p86
Harvest Home Mt. Eden Farmers' Market,Bronx,40.84305,-73.90947,10457,http://www.harvesthomefm.org,Tue/Thu 8am-3pm,,NY,ny_open_data:qq4h-8p86
Harvest Home N Central Bronx Farmers' Market,Bronx,40.88046,-73.88385,10467,http://www.harvesthomefm.org,Wed 8am-3pm,,NY,ny_open_data:qq4h-8p86
James Baldwin OLC Farmers' Market,Bronx,40.88146,-73.88693,10463,http://www.jamesbaldwinoutdoorlearningcenter.org,Sat 10am-3pm,,NY,ny_open_data:qq4h-8p86
La Familia Verde Farmers' Market,Bronx,40.84643,-73.89334,10457,http://www.lafamiliaverde.org,Tue 9am-3pm,,NY,ny_open_data:qq4h-8p86
La Familia Verde Highbridge Farmers' Market,Bronx,40.8433,-73.92213,10452,http://lafamiliaverde.com,Wed 10am-2pm,,NY,ny_open_data:qq4h-8p86
La Familia Verde Southern Blvd. Farmers' Market,Bronx,40.82521,-73.89173,10459,http://lafamiliaverde.com,Thu 10am-1pm,,NY,ny_open_data:qq4h-8p86
Lincoln Hospital Fri Greenmarket,Bronx,40.8174,-73.92276,10451,http://www.grownyc.org/greenmarket,Fri 8am-3pm,,NY,ny_open_data:qq4h-8p86
Lincoln Hospital Tue Greenmarket,Bronx,40.81754,-73.9241,10451,http://www.grownyc.org/greenmarket,Tue 8am-3pm,,NY,ny_open_data:qq4h-8p86
Morris Heights GrowNYC Farm Stand,Bronx,40.8547,-73.91035,10453,http://grownyc.org/farmstands,Wed 9:30am-2:30pm,,NY,ny_open_data:qq4h-8p86
Mott Haven Farm Stand,Bronx,40.80979,-73.91585,10454,http://www.bronxworks.org,Wed 9am-1pm,,NY,ny_open_data:qq4h-8p86
New Roots Community Farm Stand,Bronx,40.82172,-73.92524,10451,,Sat 10am-3pm,,NY,ny_open_data:qq4h-8p86
New York Botanical Garden Farmers' Market,Bronx,40.86689,-73.88061,10458-5126,,Wed 10am-3pm,,NY,ny_open_data:qq4h-8p86
Norwood GrowNYC Farm Stand,Bronx,40.88223,-73.88048,10467,https://www.grownyc.org/farmstands,Thu 9:30am-2:30pm,,NY,ny_open_data:qq4h-8p86
P811x Healthy Choice Farm Stand,Bronx,40.830746,-73.886882,10459,,Thu 10am-1pm,,NY,ny_open_data:qq4h-8p86
Parkchester Greenmarket,Bronx,40.82975,-73.87377,10472,http://www.grownyc.org/greenmarket,Fri 8am-3pm,,NY,ny_open_data:qq4h-8p86
Poe Park Greenmarket,Bronx,40.86412,-73.8955,10458,http://www.grownyc.org,Tue 8am-3pm,,NY,ny_open_data:qq4h-8p86
Project EATS St. Barnabas Hospital Farm Stand,Bronx,40.85363,-73.89145,10457,http://www.projecteats.org,Wed 11am-4pm,,NY,ny_open_data:qq4h-8p86
Van Cortlandt Park Alliance Farm Stand,Bronx,40.88485,-73.89124,10563,,Wed 2pm-7pm,,NY,ny_open_data:qq4h-8p86
Binghamton Farmers' Market,Binghamton,42.09907,-75.93279,13905,http://marketsofbroome.com,Sun 11am-2pm,,NY,ny_open_data:qq4h-8p86
Broome Co Regional Sat Farmers' Market,Binghamton,42.12921,-75.90609,13905,http://www.broomecountyregionalmarket.com,Sat 9am-1pm,,NY,ny_open_data:qq4h-8p86
Little Italy Endicott Farmers' Market,Endicott,42.11093,-76.04877,13760,,Thu 4pm-7pm,,NY,ny_open_data:qq4h-8p86
Russell Farms Farm Stand,Vestal,42.1004,-76.00682,13850,http://www.russell-farm.com,"Mon-Sat 8am-7pm, Sun 8am-6pm",,NY,ny_open_data:qq4h-8p86
Vestal Farmers' Market,Vestal,42.08731,-76.04563,13850,,Wed/Sat 9am-1pm,,NY,ny_open_data:qq4h-8p86
Windsor Farmers' Market,Windsor,42.07698,-75.64034,13865,,Sat 9am-1pm,,NY,ny_open_data:qq4h-8p86
Wolfhill Farms Farm Stand,Binghamton,42.00481,-75.93334,13903,,Daily 8am-6pm,,NY,ny_open_data:qq4h-8p86
Canticle Farm Market,Allegany,42.09601,-78.50618,14706,http://www.canticlefarm.org,Tue 12pm-6pm,,NY,ny_open_data:qq4h-8p86
Enchanted Mountains Farmers' Market,Olean,42.08304,-78.45343,14760,,Fri 2pm-6pm,,NY,ny_open_data:qq4h-8p86
Great Valley Berry Patch Farm Stand,Great Valley,42.20092,-78.61632,14741,http://greatvalleyberrypatch.com,Wed-Sun 9am-5pm,,NY,ny_open_data:qq4h-8p86
Hewitt's Farm Fresh Produce,Gowanda,42.44135,-78.92861,14070,,Tue-Sun 10am-5pm,,NY,ny_open_data:qq4h-8p86
Little Valley Farmers' Market,Little Valley,42.2489,-78.7989,14475,,Thu 2pm-5:30pm,,NY,ny_open_data:qq4h-8p86
Miller's Farm Market,Olean,42.071439,-78.39814,14760,,"Mon-Sat 9am-6pm, Sun 9am-5pm",,NY,ny_open_data:qq4h-8p86
Olean Area Farmers' Market,Olean,42.07726,-78.42821,14760,http://www.oleanfarmersmarket.com,Sat 8am-1pm,,NY,ny_open_data:qq4h-8p86
Perfectly Blended Farm Farm Stand,Machias,42.43378,-78.51896,14101,http://www.perfectlyblendedfarm.com,"Mon/Thu 4-6pm, Sat 12pm-4pm",,NY,ny_open_data:qq4h-8p86
Wild Acres Family Farm Stand,Great Valley,42.21576,-78.63471,14741,,Daily 10:30am-1pm & 4pm-6:30pm,,NY,ny_open_data:qq4h-8p86
Auburn Sat Co-op Farmers' Market,Auburn,42.93406,-76.56985,13021,http://www.auburnfarmerscoopmarketinc.com,Sat 7am-2pm,,NY,ny_open_data:qq4h-8p86
Auburn Thu Co-op Farmers' Market,Auburn,42.93401,-76.57007,13021,http://www.auburnfarmerscoopmarketinc.com,Thu 7am-2pm,,NY,ny_open_data:qq4h-8p86
Auburn Tue Co-op Farmers' Market,Auburn,42.93401,-76.57007,13021,http://www.auburnfarmerscoopmarketinc.com,Tue 7am-2pm,,NY,ny_open_data:qq4h-8p86
Horning's Produce Farm Stand,Cato,43.16733,-76.59499,13033,,Mon-Sat 9am-6pm,,NY,ny_open_data:qq4h-8p86
Morgan's Half Acre Produce Farm Stand,Auburn,42.91629,-76.62457,13021,http://www.morganshalfacreproduce.com,"Mon-Sat 10am-6pm, Sun 10am-4pm",,NY,ny_open_data:qq4h-8p86
Owen Orchards Farm Stand,Weedsport,43.01314,-76.50749,13166,http://www.owenorchard.com,"Mon-Fri 9am-6pm , Sat-Sun 9am-5pm",,NY,ny_open_data:qq4h-8p86
Abers Acres Farm Stand,Kennedy,42.14495,-79.10996,14747,http://www.abersacres.com,"Mon-Sat 9am-6pm, Sun 10am-5pm",,NY,ny_open_data:qq4h-8p86
Carlberg Livestock and Produce Farm Stand,Jamestown,42.08618,-79.18337,14701,http://www.carlbergfarm.com,Sun 10am-5pm; Mon-Sat 9am-6pm,,NY,ny_open_data:qq4h-8p86
Dunkirk Farmers' Market,Dunkirk,42.48481,-79.32751,14048,http://www.cityofdunkirk.com,Wed 9am-2pm,,NY,ny_open_data:qq4h-8p86
Feinen's Fruit Stand,Forestville,42.46786,-79.27186,14062,,Daily 10am-6pm,,NY,ny_open_data:qq4h-8p86
Fredonia Farmers' Market,Fredonia,42.44089,-79.33242,14063,,Sat 9am-1pm,,NY,ny_open_data:qq4h-8p86
Fredonia WINTER Farmers' Market,Fredonia,42.44764,-79.315,14063,http://www.fredoniafarmersmarket.org,Sat 10am-1pm,,NY,ny_open_data:qq4h-8p86
Hidden Valley Produce Farm Stand,Frewsburg,42.01224,-79.1436,14738,,Mon-Sat 10am-6pm,,NY,ny_open_data:qq4h-8p86
Jamestown Farmers' Market,Jamestown,42.09603,-79.24226,14701,http://jfmny.org,Sat 9am-1pm,,NY,ny_open_data:qq4h-8p86
Jamestown Mobile Market-Chautaqua Center,Jamestown,42.09308,-79.23505,14701,http://jtownpublicmarket.org,Wed 3:30pm-5:30pm,,NY,ny_open_data:qq4h-8p86
Jamestown Mobile Market-Code Building,Jamestown,42.10095,-79.23136,14701,,Thu 3:30pm-5:30pm,,NY,ny_open_data:qq4h-8p86
Jamestown Mobile Market-Prendergast Library,Jamestown,42.09831,-79.24361,14701,http://jtownpublicmarket.org,Wed 11am-1pm,,NY,ny_open_data:qq4h-8p86
Jamestown Mobile Market-Silver Tree Seniors,Jamestown,42.09627,-79.23317,14701,http://jtownpublicmarket.org,Thu 11am-1pm,,NY,ny_open_data:qq4h-8p86
Jamestown Mobile Market-The Resource Center,Jamestown,42.10486,-79.22483,14701,,Tue 11am-1pm,,NY,ny_open_data:qq4h-8p86
Jamestown Winter Farmers' Market,Jamestown,42.09735,-79.24151,14802,http://jfmny.org,"Monthly, Sat 9am-1pm",,NY,ny_open_data:qq4h-8p86
Miller's Apples Farm Stand,Dunkirk,42.47047,-79.31451,14048,,Fri 10am-1pm,,NY,ny_open_data:qq4h-8p86
Roberto Fred Farm Stand,Dunkirk,42.464201,-79.361694,14048,,Daily 9am-6pm,,NY,ny_open_data:qq4h-8p86
Scott's Farm & Greenhouse Farm Stand,Sinclairville,42.26142,-79.28836,14782,,Daily 9am-6pm,,NY,ny_open_data:qq4h-8p86
Westfield Farmers' and Artisans Market,Westfield,42.32203,-79.57812,14787,http://www.westfieldny.com/farmers-market,Sat 9am-2pm,,NY,ny_open_data:qq4h-8p86
Grove Park Farm Stand,Elmira,42.09212,-76.82014,14901,,Mon 3pm-6pm,,NY,ny_open_data:qq4h-8p86
Lowery Family Farm MM-Meals on Wheels,Elmira,42.09346,-76.80247,14901,,Tue 1pm-3pm,,NY,ny_open_data:qq4h-8p86
Lowery Family Farm MM-Southside Community Ctr,Elmira,42.08108,-76.80538,14904,,Tue 4pm-6pm,,NY,ny_open_data:qq4h-8p86
Wisner Park Farmers' Market,Elmira,42.08952,-76.8076,14901,http://www.wisnermarket.org,Wed 10am-2pm,,NY,ny_open_data:qq4h-8p86
Chenango County Farmers' Market,Norwich,42.53145,-75.52372,13815,,Wed 10am-2pm,,NY,ny_open_data:qq4h-8p86
Greene Pasture Ranch Farm Stand,Greene,42.32818,-75.77265,13778,http://www.greenepastureranch.com,"Mon-Fri 11am-6pm, Sat 9am-3pm",,NY,ny_open_data:qq4h-8p86
Lamb's Quarters Organic Farm Stand,Plymouth,42.60058,-75.59991,13832,http://www.lambsquarterorganicfarm.com,"Daily 12pm-6pm, Closed Wed & Sat",,NY,ny_open_data:qq4h-8p86
Oxford Farmers' Market,Oxford,42.44255,-75.5983,13830,,Sat 9am-12pm,,NY,ny_open_data:qq4h-8p86
Pires Farm Stand,Norwich,42.54525,-75.52498,13815,,"Mon-Sat 9am-5pm, Sun 10am-2pm",,NY,ny_open_data:qq4h-8p86
Sunrise Farms Farm Stand,Plymouth,42.62427,-75.59152,13832,,"Mon-Sat 9am-5pm, Sun 12pm-5pm",,NY,ny_open_data:qq4h-8p86
Champlain Farmers' Market,Champlain,44.98632,-73.44613,12919,http://www.vchamplain.com,Sat 9am-12pm,,NY,ny_open_data:qq4h-8p86
Northern Orchard Farm Stand,Peru,44.5569,-73.53324,12972,http://www.northernorchard.com,Daily 10am-5pm,,NY,ny_open_data:qq4h-8p86
Plattsburgh Farmers' and Craft Sat Market,Plattsburgh,44.69902,-73.4469,12901,http://plattsburghfarmerscraftersmarket.com,Sat 9am-2pm,,NY,ny_open_data:qq4h-8p86
Rouses Point Farmers' Market,Rouses Point,44.99038,-73.36434,12979,,Fri 3pm-6pm,,NY,ny_open_data:qq4h-8p86
Rulfs Orchard Farm Stand,Peru,44.5786,-73.49804,12972,http://www.rulfsorchard.com,Daily 6am-6pm,,NY,ny_open_data:qq4h-8p86
Shield's Vegetables Farm Stand,Plattsburgh,44.73789,-73.47064,12901,,Daily 10am-6pm,,NY,ny_open_data:qq4h-8p86
Copake Hillsdale Farmers' Market,Hillsdale,42.17077,-73.51771,12529,http://www.copakehillsdalefarmersmarket.com,Sat 9am-1pm,,NY,ny_open_data:qq4h-8p86
Germantown Farmers' Market,Germantown,42.135,-73.88551,12526,,Sat 10am-1pm,,NY,ny_open_data:qq4h-8p86
Hudson Farmers' Market,Hudson,42.24866,-73.78369,12534,http://www.hudsonfarmersmarketny.com,Sat 9am-1pm,,NY,ny_open_data:qq4h-8p86
Hudson Winter Farmers Market,Hudson,42.25828,-73.77341,12534,https://www.hudsonfarmersmarketny.org/,10am-1pm,,NY,ny_open_data:qq4h-8p86
Kinderhook Farmers' Market,Kinderhook,42.3954,-73.69817,12106,http://www.kinderhookfarmersmarket.com,Sat 8:30am-12:30pm,,NY,ny_open_data:qq4h-8p86
Martin's Farm Fresh Farm Stand,Hudson,42.27318,-73.72226,12534,,Mon-Sat 9am-5pm,,NY,ny_open_data:qq4h-8p86
Scarecrow Farm Stand,Claverack,42.2105,-73.67909,12534,http://www.scarecrowfarmny.com,"Tue 10am-1pm, Sat 3pm-5pm",,NY,ny_open_data:qq4h-8p86
Cincinnatus Farmers' Market,Cincinnatus,42.53812,-75.89662,13040,,Sat 9am-12pm,,NY,ny_open_data:qq4h-8p86
Cortland Saturday Farmers' Market,Cortland,42.60028,-76.18044,13045,,Sat 8am-2pm,,NY,ny_open_data:qq4h-8p86
Cortland Tuesday Farmers' Market,Cortland,42.60028,-76.18044,13045,,Tue 8am-2pm,,NY,ny_open_data:qq4h-8p86
Dave's Veggies Farm Stand,Homer,42.659118,-76.203042,13077,,"Daily 10am-7pm, Sep/Oct Mon-Fri 12pm-6pm, Sat/Sun 10am-6pm",,NY,ny_open_data:qq4h-8p86
Freetown Food Forest Farm Stand,East Freetown,42.59405,-76.09127,13040,http://freetownfoodforest.com,Mon 4pm-7pm,,NY,ny_open_data:qq4h-8p86
Homer Regional Farmers' Market,Homer,42.63418,-76.17894,13077,,Sat 9:30am-12:30pm,,NY,ny_open_data:qq4h-8p86
Plunkett Farms Farm Stand,Cortland,42.55495,-76.13123,13045,,Daily 9am-6pm,,NY,ny_open_data:qq4h-8p86
Virgil Farmers' Market,Cortland,42.51063,-76.19128,13045,,Sat 9am-12pm,,NY,ny_open_data:qq4h-8p86
Catskill Cattle Company Farm Stand,Deposit,42.06673,-75.40725,13754,http://www.catskillcattle.com,"Mon/Thu-Sat 11am-6pm, Sun 12pm-4pm",,NY,ny_open_data:qq4h-8p86
Covered Bridge Farm Market Farm Stand,Unadilla,42.33657,-75.28612,13849,,Daily 10am-6pm,,NY,ny_open_data:qq4h-8p86
Delhi Farmers' Market,Delhi,42.27744,-74.91673,13753,,Wed 10am-2pm,,NY,ny_open_data:qq4h-8p86
Delhi Winter Farmers' Market,Delhi,42.27897,-74.91247,13752,,Wed 10am-2pm,,NY,ny_open_data:qq4h-8p86
Hodgson Farms Farm Stand,Downsville,42.03956,-75.02787,13755,,Daily 9am-6pm,,NY,ny_open_data:qq4h-8p86
Pakatakan Farmers' Market,Halcottville,42.20103,-74.59909,12438,http://pakatanfarmersmarket.com,"Sat 9am-1pm, Oct/Nov Sat 10am-1pm",,NY,ny_open_data:qq4h-8p86
Arlington Farmers' Market,Poughkeepsie,41.68187,-73.89636,12603,http://www.arlingtonhasit.org,Thu 3pm-7pm,,NY,ny_open_data:qq4h-8p86
Beacon Farmers' Market,Beacon,41.50402,-73.96823,12508,http://www.beaconfarmersmarket.org,Sun 10am-2pm,,NY,ny_open_data:qq4h-8p86
Dykeman Farm Farm Stand,Pawling,41.62739,-73.60795,12564,http://www.dykemanfarm.com,"Tue-Sat 9am-6pm, Sun/Mon 9am-5pm",,NY,ny_open_data:qq4h-8p86
Judson Farm Market FS,Wingdale,41.6429,-73.60327,12594,,Daily 10am-6pm,,NY,ny_open_data:qq4h-8p86
Millerton Farmers' Market,Millerton,41.9543,-73.50977,12546,https://www.neccmillerton.org/farmers-market,Sat 10am-2pm,,NY,ny_open_data:qq4h-8p86
Obercreek Farm Stand,Wappingers Falls,41.58384,-73.93469,12590,http://www.obercreekfarm.com,"Wed-Sat 11am-6pm, Sun 12pm-5pm",,NY,ny_open_data:qq4h-8p86
Pawling Farmers' Market,Pawling,41.56315,-73.60143,12564,http://www.pawlingfarmersmarket.org,Sat 9am-1pm,,NY,ny_open_data:qq4h-8p86
Poughkeepsie Waterfront Farmers' Market,Poughkeepsie,41.70891,-73.93896,12601,,Tue 2pm-5:30pm,,NY,ny_open_data:qq4h-8p86
Rhinebeck Farmers' Market,Rhinebeck,41.92704,-73.91027,12572,http://www.rhinebeckfarmersmarket.com,Sun 10am-2pm,,NY,ny_open_data:qq4h-8p86
5 Loaves Farm Stand-Delavan Ave,Buffalo,42.9223,-78.8969,14213,http://5loavesfarm.org,Thu 4pm-6:30pm,,NY,ny_open_data:qq4h-8p86
Alden Farmers' Market,Alden,42.90052,-78.4983,14004,http://www.aldenny.org,Mon 4pm-7:30pm,,NY,ny_open_data:qq4h-8p86
Bowman Farms Farm Stand,North Collins,42.57506,-78.93838,14111,http://www.bowmanfarmsinc.com,Daily 9am-5pm,,NY,ny_open_data:qq4h-8p86
Chiavetta's Potatoes & Greenhouse Farm Stand,Angola,42.61859,-79.01784,14006,,"Mon-Fri 9am-6pm, Sat/Sun 9am-5pm",,NY,ny_open_data:qq4h-8p86
Clarence Hollow Farmers' Market,Clarence,42.9808,-78.58904,14031,http://www.clarencefarmersmarket.com,Sat 8am-1pm,,NY,ny_open_data:qq4h-8p86
Clinton Bailey Fri Farmers' Market,Buffalo,42.87206,-78.81997,14206,http://www.clintonbaileymarket.com,Fri 8am-5pm,,NY,ny_open_data:qq4h-8p86
Clinton Bailey Mon Farmers' Market,Buffalo,42.87206,-78.81997,14206,http://www.clintonbaileymarket.com,Mon 8am-5pm,,NY,ny_open_data:qq4h-8p86
Clinton Bailey Sat Farmers' Market,Buffalo,42.87205,-78.81998,14206,http://www.clintonbaileymarket.com,"Sat 4am-5pm, Winter: 6am-12pm",,NY,ny_open_data:qq4h-8p86
Clinton Bailey Sun Farmers' Market,Buffalo,42.87206,-78.81997,14206,http://www.clintonbaileymarket.com,Sun 8am-5pm,,NY,ny_open_data:qq4h-8p86
Clinton Bailey Thu Farmers' Market,Buffalo,42.87206,-78.81997,14206,http://www.clintonbaileymarket.com,Thu 4am-5pm,,NY,ny_open_data:qq4h-8p86
Clinton Bailey Tue Farmers' Market,Buffalo,42.87206,-78.81997,14206,http://www.clintonbaileymarket.com,Tue 4am-5pm,,NY,ny_open_data:qq4h-8p86
Clinton Bailey Wed Farmers' Market,Buffalo,42.87206,-78.81997,14206,http://www.clintonbaileymarket.com,Wed 8am-5pm,,NY,ny_open_data:qq4h-8p86
Dirt Rich Farm Stand,Springville,42.5422,-78.67584,14141,http://dirtrichcsa.com,Mon/Tue 3pm-6pm,,NY,ny_open_data:qq4h-8p86
Downtown Buffalo Country Thu Farmers' Market,Buffalo,42.88951,-78.87353,14203,https://buffaloplace.com/play/our-events/#countrymarket,Thu 10am-2pm,,NY,ny_open_data:qq4h-8p86
Draudts Farm Stand,Hamburg,42.73557,-78.80406,14075,,"Mon-Sat 9am-7pm , Sun 9am-6pm",,NY,ny_open_data:qq4h-8p86
East Aurora Saturday Farmers' Market,East Aurora,42.76593,-78.63413,14052,http://www.eastaurorafarmersmarket.com,Sat 7am-1pm,,NY,ny_open_data:qq4h-8p86
East Aurora Wednesday Farmers' Market,East Aurora,42.76593,-78.63413,14052,http://www.eastaurorafarmersmarket.com,Wed 7am-1pm,,NY,ny_open_data:qq4h-8p86
Elmwood Village Farmers' Market,Buffalo,42.92371,-78.87702,14222,http://www.elmwoodmarket.org,Sat 8am-1pm,,NY,ny_open_data:qq4h-8p86
Farm This Way Farm Stand,Brant,42.58029,-79.01732,14027,,"Sat/Sun 12-5pm, Mon-Fri 9-5pm",,NY,ny_open_data:qq4h-8p86
Groundwork Market Garden Farm Stand,Buffalo,42.91092,-78.81813,14211,http://www.groundworkmg.com,Tue 4pm-7pm,,NY,ny_open_data:qq4h-8p86
Hamburg Farmers' Market,Hamburg,42.71677,-78.82994,14075,,Sat 7:30am-1pm,,NY,ny_open_data:qq4h-8p86
Holland Farmers' Market,Holland,42.64149,-78.54248,14080,http://www.thehollandmkt.com,Sun 8:30am-1pm,,NY,ny_open_data:qq4h-8p86
Huntington Farm Stand II,Clarence,42.98909,-78.55762,14031,,Daily 10am-7pm,,NY,ny_open_data:qq4h-8p86
Kenmore Farmers' Market,Buffalo,42.96362,-78.8698,14217,,Sun 9am-1pm,,NY,ny_open_data:qq4h-8p86
Kwilos Farm Farm Stand,Derby,42.67729,-79.02178,14074,,"Mon-Sat 10am-6pm, Sun 10am-4pm",,NY,ny_open_data:qq4h-8p86
MAP Mobile Market - MAP Farm Stand,Buffalo,42.9128,-78.88774,14213,http://www.mass-ave.org,Thu 3pm-6pm,,NY,ny_open_data:qq4h-8p86
MAP Mobile Market - Mrs. Frances Nash,Buffalo,42.88616,-78.87168,14203,,Tue 4:30pm-6:30pm,,NY,ny_open_data:qq4h-8p86
MAP Mobile Market-Broadway Pediatrics,Buffalo,42.89349,-78.83677,14212,http://www.mass-ave.org/shop,Fri 10am-12pm,,NY,ny_open_data:qq4h-8p86
MAP Mobile Market-Buffalo Adult Education,Buffalo,42.89682,-78.87764,14201,http://www.mass-ave.org/shop,Thu 10am-12pm,,NY,ny_open_data:qq4h-8p86
MAP Mobile Market-Elim Fellowship,Buffalo,42.93779,-78.83581,14214,http://www.mass-ave.org,Wed 4:30pm-6pm,,NY,ny_open_data:qq4h-8p86
MAP Mobile Market-Jericho Road Barton,Buffalo,42.9179,-78.89466,14213,http://www.mass-ave.org,Tue 11am-1pm,,NY,ny_open_data:qq4h-8p86
MAP Mobile Market-Muslim Society,Buffalo,42.91378,-78.80951,14211,http://www.mass-ave.org/shop,Fri 1pm-3pm,,NY,ny_open_data:qq4h-8p86
MAP Mobile Market-Neighboorhood Health Center NW,Buffalo,42.9506,-78.8895,14207,http://www.mass-ave.org,Wed 11am-1pm,,NY,ny_open_data:qq4h-8p86
Meyer's Homegrown Farm Stand,Boston,42.6135,-78.76988,14025,,Daily 8am-5pm,,NY,ny_open_data:qq4h-8p86
Providence Farm Collective Farmers' Market,Buffalo,42.91746,-78.89072,14218,http://providencefarmcollective.org/farmersmarket/,Sat 10am-3pm,,NY,ny_open_data:qq4h-8p86
Urbanowicz Acres Farm Stand,Angola,42.65224,-79.00035,14006,http://www.urbanowiczacres.com,"Mon-Sat 11am-6pm, Sun 11am-4pm",,NY,ny_open_data:qq4h-8p86
West Shore Farmers' Market,Akron,43.02066,-78.499,14001,,Thu 5pm-8:30pm,,NY,ny_open_data:qq4h-8p86
Daughters 5 Farm Stand,Crown Point,43.95838,-73.43036,12928,,Daily 9am-5pm,,NY,ny_open_data:qq4h-8p86
Drinkwine Produce Farm Stand,Ticonderoga,43.88032,-73.44955,12883,,Daily 10am-5pm,,NY,ny_open_data:qq4h-8p86
Elizabethtown Farmers' Market,Elizabethtown,44.21552,-73.59168,12932,http://www.adirondackfarmersmarket.com,Fri 9am-1pm,,NY,ny_open_data:qq4h-8p86
Keene Farmers' Market,Keene Valley,44.22067,-73.78561,12943,http://www.adirondackfarmersmarket.com,Sun 9:30am-2pm,,NY,ny_open_data:qq4h-8p86
Schroon Lake  Farmers' Market,Schroon Lake,43.83632,-73.75876,12870,http://schroonlakefarmersmarket.com,Sat 9am-1pm,,NY,ny_open_data:qq4h-8p86
Ticonderoga Area Farmers' Market,Ticonderoga,43.84925,-73.42296,12883,http://www.ticonderogany.com,Sat 9am-12pm,,NY,ny_open_data:qq4h-8p86
Willsboro Farmers' Market,Willsboro,44.36971,-73.395629,12996,,Thu 9am-1pm,,NY,ny_open_data:qq4h-8p86
Akwesasne Farmers' Market,Akwesasne,44.9867,-74.6755,13655,,Sat 11am-2pm,,NY,ny_open_data:qq4h-8p86
Malone Farmers' Market,Malone,44.84733,-74.32773,12953,http://www.adirondackfarmersmarket.com,Wed 12pm-4:30pm,,NY,ny_open_data:qq4h-8p86
Saranac Lake Farmers' Market,Saranac Lake,44.32503,-74.13178,12983,,Sat 9am-1pm,,NY,ny_open_data:qq4h-8p86
Tupper Lake Farmers' Market,Tupper Lake,44.22528,-74.44821,12986,,Thu-Sat 10am-6pm,,NY,ny_open_data:qq4h-8p86
Gloversville Farmers' Market,Gloversville,43.052604,-74.345796,12078,http://www.fmfma.org,Sat 8:30am-12:30pm,,NY,ny_open_data:qq4h-8p86
Gray's Garden and Greenhouse Farm Stand,Saint Johnsville,43.05214,-74.6389,13452,http://www.graysgardenandgreenhouse.com,Thu-Sun 10am-6pm,,NY,ny_open_data:qq4h-8p86
Harmony Harvest and Herd Farm Stand,Johnstown,42.98984,-74.36296,12095,,Fri 2pm-5pm,,NY,ny_open_data:qq4h-8p86
Johnstown Farmers' Market,Johnstown,43.00731,-74.36427,12095,http://www.fmfma.org,Tue 3pm-6pm,,NY,ny_open_data:qq4h-8p86
Bergen Harvest Farmers' Market,Bergen,43.08901,-77.97048,14416,,Tue 3pm-6pm,,NY,ny_open_data:qq4h-8p86
Genesee Country Friday Farmers' Market,Batavia,42.99905,-78.18151,14020,,Fri 8am-4pm,,NY,ny_open_data:qq4h-8p86
Genesee Country Tuesday Farmers' Market,Batavia,42.99905,-78.18151,14020,,Tue 8am-4pm,,NY,ny_open_data:qq4h-8p86
J & W Farm,LeRoy,43.03354,-77.95373,14482,,Daily 8am-4pm,,NY,ny_open_data:qq4h-8p86
LeRoy Farmers' Market,Le Roy,42.97756,-77.98592,14482,http://www.leroyfarmersmarket.wordpress.com,Sat 9am-12:30pm,,NY,ny_open_data:qq4h-8p86
Black Horse Farms Farm Stand,Athens,42.30634,-73.85043,12015,http://www.blackhorsefarms.com,Mon-Sun 9am-6pm,,NY,ny_open_data:qq4h-8p86
Bulich Creekside Farm Farm Stand,Leeds,42.26297,-73.92541,12451,,Daily 10am-5pm,,NY,ny_open_data:qq4h-8p86
Catskill Farmers' Market,Catskill,42.21975,-73.8671,12414,,Sun 10am-1pm,,NY,ny_open_data:qq4h-8p86
Fromer Market Gardens Farm Stand,Tannersville,42.19546,-74.13889,12485,http://www.fromermarketgardens.com,Wed 2pm-6pm Sat 9am-2pm,,NY,ny_open_data:qq4h-8p86
Stoneledge Farm Stand,Leeds,42.27878,-73.95216,12451,http://www.stoneledge.farm,Sat/Sun 9am-4pm,,NY,ny_open_data:qq4h-8p86
Vernon Street Farm Farm Stand,Athens,42.26833,-73.80801,12015,,Sat 10am-1pm,,NY,ny_open_data:qq4h-8p86
Speculator Farmers & Crafters Farmers' Market,Speculator,43.49679,-74.36073,12164,http://www.speculatorchamber.com,Thu 12pm-4pm,,NY,ny_open_data:qq4h-8p86
Dolgeville Farmers' Market,Dolgeville,43.09696,-74.77649,13329,,Sat 9am-1pm,,NY,ny_open_data:qq4h-8p86
Fair Fields Farm and Garden Farm Stand,Little Falls,43.13501,-74.87541,13365,,"Mon-Sat 10am-5pm, Sun 12pm-5pm",,NY,ny_open_data:qq4h-8p86
Juliano's Farm Market,Utica,43.09608,-75.14626,13502,,"Mon-Sat 7:30am-6pm, Sun 7:30am-4pm",,NY,ny_open_data:qq4h-8p86
Little Falls Farmers' & Flea Market,Little Falls,43.04284,-74.85828,13365,,Sat 8am-12pm,,NY,ny_open_data:qq4h-8p86
Mohawk Valley Farmers' Market,Herkimer,43.0263,-74.98656,13350,,Tue 11am-3pm,,NY,ny_open_data:qq4h-8p86
Northshire Farm Farm Stand,West Winfield,42.89471,-75.14503,13491,http://www.northshirefarmstore.com,Daily 8am-8pm,,NY,ny_open_data:qq4h-8p86
Old Forge Farmers' Market,Old Forge,43.70893,-74.97286,13420,http://livingadk.org,Fri 1pm-5pm,,NY,ny_open_data:qq4h-8p86
West End Farm Stand,Herkimer,43.06862,-74.99038,13350,http://westendfresh.com,Wed/Fri 12pm-6pm,,NY,ny_open_data:qq4h-8p86
Bushgardens Farm Stand,Carthage,43.91954,-75.58686,13619,,"Thu-Tue 6am-6pm, Wed 3pm-6pm",,NY,ny_open_data:qq4h-8p86
Carthage Farmers' Market,Carthage,43.97714,-75.61247,13619,http://www.carthageny.com,Fri 10am-4pm,,NY,ny_open_data:qq4h-8p86
Clayton Farmers' Market,Clayton,44.23992,-76.08508,13624,http://www.1000islands-clayton.com,Thu 10am-4pm,,NY,ny_open_data:qq4h-8p86
Euro Farms Farm Stand,Rodman,43.84479,-75.95199,13682,,Tue 10am-1pm,,NY,ny_open_data:qq4h-8p86
Lakeside Farm Products Farm Stand,Carthage,43.9668,-75.62303,13619,,Wed 9am-4pm,,NY,ny_open_data:qq4h-8p86
Rustling Grass Farm,Evans Mills,44.11048,-75.84255,13637,,Mon-Sat 6am-2pm,,NY,ny_open_data:qq4h-8p86
Watertown Saturday Farmers' Market,Watertown,43.97651,-75.90988,13601,,Sat 9am-2pm,,NY,ny_open_data:qq4h-8p86
Windswept Meadows Farm Stand,Watertown,43.91784,-75.87206,13601,http://www.keeneyswindsweptmeadowsfarm.com,Daily 8am-8pm,,NY,ny_open_data:qq4h-8p86
4th Ave. Sunset Park Greenmarket,Brooklyn,40.64081,-74.01836,11220,http://www.grownyc.org/greenmarket,Sat 8am-3pm,,NY,ny_open_data:qq4h-8p86
7th Ave. Sunset Park Greenmarket,Brooklyn,40.64693,-74.00447,11220,http://www.grownyc.org/greenmarket,Sat 8:30am-2pm,,NY,ny_open_data:qq4h-8p86
Bartel-Pritchard Square Sun Greenmarket,Brooklyn,40.66055,-73.97984,11215,http://www.grownyc.org/greenmarket,Sun 9am-2pm,,NY,ny_open_data:qq4h-8p86
Bartel-Pritchard Square Wed Greenmarket,Brooklyn,40.66055,-73.97984,11215,http://www.grownyc.org/greenmarket,Wed 8am-2pm,,NY,ny_open_data:qq4h-8p86
Bay Ridge Greenmarket,Brooklyn,40.61761,-74.03363,11209,http://www.grownyc.org/greenmarket,Sat 8am-3pm,,NY,ny_open_data:qq4h-8p86
Bed-Stuy GrowNYC Farmstand,Brooklyn,40.68134,-73.93467,11233,https://www.grownyc.org/farmstands,Sat 9am-2:30pm,,NY,ny_open_data:qq4h-8p86
Bensonhurst Greenmarket,Brooklyn,40.60987,-73.99966,11214,http://www.grownyc.org/greenmarket,Sun 9am-3pm,,NY,ny_open_data:qq4h-8p86
Boro Park Greenmarket,Brooklyn,40.63349,-73.99022,11219,http://www.grownyc.org/greenmarket,Thu 8am-2pm,,NY,ny_open_data:qq4h-8p86
Brooklyn Borough Hall Saturday Greenmarket,Brooklyn,40.69416,-73.99076,11201,http://www.grownyc.org/greenmarket,Sat 8am-3pm,,NY,ny_open_data:qq4h-8p86
Brooklyn Borough Hall Tuesday Greenmarket,Brooklyn,40.69416,-73.99076,11201,http://www.grownyc.org/greenmarket/brooklyn/boro-hall-sa,Tue 8am-3pm,,NY,ny_open_data:qq4h-8p86
Brownsville Pitkin GrowNYC Farm Stand,Brooklyn,40.66857,-73.91826,11212,https://www.grownyc.org/farmstands,Sat 10am-3pm,,NY,ny_open_data:qq4h-8p86
Carroll Gardens Greenmarket,Brooklyn,40.68036,-73.99536,11231,http://www.grownyc.org/greenmarket/brooklyn/carroll-gardens,Sun 8am-2pm,,NY,ny_open_data:qq4h-8p86
Cortelyou Greenmarket,Brooklyn,40.64071,-73.9659,11226,https://www.grownyc.org/farmstands,Sun 8am-2pm,,NY,ny_open_data:qq4h-8p86
Crown Heights GrowNYC Farm Stand,Brooklyn,40.66629,-73.95081,11255,http://grownyc.org/farmstands,Fri 9:30am-2:30pm,,NY,ny_open_data:qq4h-8p86
Cypress Hills GrowNYC Farm Stand,Brooklyn,40.68206,-73.87788,11208,https://www.grownyc.org/farmstands,Fri 9am-2pm,,NY,ny_open_data:qq4h-8p86
Domino Park Greenmarket,Brooklyn,40.71455,-73.96777,11211,https://www.grownyc.org,Sun 8am-3pm,,NY,ny_open_data:qq4h-8p86
East New York Farm Stand,Brooklyn,40.67578,-73.87123,11208,http://ucceny.org,Thu 1pm-5pm,,NY,ny_open_data:qq4h-8p86
East New York Farmers' Market,Brooklyn,40.66526,-73.88661,11207,http://ucceny.org/enyf,Sat 9am-3pm,,NY,ny_open_data:qq4h-8p86
Fort Greene Greenmarket,Brooklyn,40.68975,-73.97299,11205,http://www.grownyc.org/greenmarket/brooklyn/fort-greene,Sat 8am-3pm,,NY,ny_open_data:qq4h-8p86
Grand Army Plaza Greenmarket,Brooklyn,40.66062,-73.97943,11238,http://www.grownyc.org/greenmarket/brooklyn-grand-army-plaza,Sat 8am-4pm,,NY,ny_open_data:qq4h-8p86
Harvest Home Coney Island Farmers' Market,Brooklyn,40.58669,-73.96578,11235,http://www.harvesthomefm.org,Fri 8am-3pm,,NY,ny_open_data:qq4h-8p86
Isabahlia Farm Stand-Livonia Ave,Brooklyn,40.66353,-73.90226,11212,http://www.isabahlialoefinc.org,Fri/Sat 8:30am-3pm,,NY,ny_open_data:qq4h-8p86
Isabahlia Farm Stand-Rockaway Ave,Brooklyn,40.66751,-73.91021,11212,http://www.isabahlialoefinc.org,Fri/Sat 8:30am-3pm,,NY,ny_open_data:qq4h-8p86
McCarren Park Greenmarket,Brooklyn,40.71945,-73.95312,11222,http://www.grownyc.org/greenmarket/brooklyn/greenpoint-sa,Sat 8am-3pm,,NY,ny_open_data:qq4h-8p86
McGolrick Park Farmers' Market,Brooklyn,40.72483,-73.94432,11222,http://www.downtoearthmarkets.com,Sun 9am-2pm,,NY,ny_open_data:qq4h-8p86
Oko Farms Farm Stand,Brooklyn,40.64075,-73.93906,11203,,Wed 3pm-6pm,,NY,ny_open_data:qq4h-8p86
Park Slope Farmers' Market,Brooklyn,40.6722,-73.98379,11215,http://www.downtoearthmarkets.com,Sun 9am-2pm,,NY,ny_open_data:qq4h-8p86
Project EATS Essex Market Line Farm Stand,New York,40.71689,-73.98519,10002,,Tue/Sat 11am-4pm,,NY,ny_open_data:qq4h-8p86
Project EATS MGX Farm Stand,Brooklyn,40.66432,-73.91041,11212,http://www.projectEATS.org,Sat 11am-4pm,,NY,ny_open_data:qq4h-8p86
PS 178 Farm Stand,Brooklyn,40.67514,-73.91535,11233,,Wed 12pm-3pm,,NY,ny_open_data:qq4h-8p86
Red Hook Farm Stand,Brooklyn,40.67237,-74.00884,11231,http://www.added-value.org/farmers-market,Sat 10am-2pm,,NY,ny_open_data:qq4h-8p86
Riseboro Hope Ball Field Farmers' Market,Bushwick,40.70117,-73.92252,10301,http://www.riseboro.org,Wed 9am-3pm,,NY,ny_open_data:qq4h-8p86
Riseboro Irving Square Farmers' Market,Brooklyn,40.69325,-73.90859,10302,,Sun 9am-2pm,,NY,ny_open_data:qq4h-8p86
Riseboro Maria Hernandez Pk Farmers' Market,Brooklyn,40.70257,-73.92497,11206,http://www.riseboro.org,Sat 8am-3pm,,NY,ny_open_data:qq4h-8p86
Saratoga Farm Stand,Brooklyn,40.67849,-73.9162,11233,,Sat 10am-2pm,,NY,ny_open_data:qq4h-8p86
Seeds in the Middle Farm Stand-Bed Stuy PS 262,Brooklyn,40.64108,-73.96558,11217,http://seedsinthemiddle.org,Wed 2:30pm-4:30pm,,NY,ny_open_data:qq4h-8p86
Seeds in the Middle Farm Stand-Brownsville PS 184,Brooklyn,40.65959,-73.90698,11212,http://seedsinthemiddle.org,Wed 2:30pm-4:30pm,,NY,ny_open_data:qq4h-8p86
Seeds in the Middle Farm Stand-Coney Island,Brooklyn,40.57663,-73.98606,11224,,Thu 2:30pm-5:30pm,,NY,ny_open_data:qq4h-8p86
Seeds in the Middle Farm Stand-E Flatbush IS 285,Brooklyn,40.6451,-73.94896,11226,http://seedsinthemiddle.org,Wed 2:30pm-4pm,,NY,ny_open_data:qq4h-8p86
Seeds in the Middle Farm Stand-Flatbush PS 235,Brooklyn,40.6367,-73.95151,11210,http://seedsinthemiddle.org,Thu 2:30pm-5:30pm,,NY,ny_open_data:qq4h-8p86
Seeds in the Middle-Crown Heights Farm Stand,Brooklyn,40.66569,-73.95382,11233,http://seedsinthemiddle.org,Wed 12:30pm-3pm,,NY,ny_open_data:qq4h-8p86
Urban Oasis Farm Stand,Brooklyn,40.65621,-73.93741,11203,,Wed 12:30pm-4pm,,NY,ny_open_data:qq4h-8p86
Woodhull Hospital GrowNYC Farm Stand,Brooklyn,40.70029,-73.94111,11206,https://www.grownyc.org/farmstands,Wed 9am-2pm,,NY,ny_open_data:qq4h-8p86
Wyckoff House Museum Farm Stand,Brooklyn,40.64439,-73.92083,11203,,Sat 11am-3pm,,NY,ny_open_data:qq4h-8p86
Colwell's Farm Market and Garden Center,Glenfield,43.71844,-75.41148,13343,http://www.colwellsfarmmarket.com,"Mon-Sat 8am-7pm, Sun 9am-5pm",,NY,ny_open_data:qq4h-8p86
Lewis Co. General Hospital Farmers' Market,Lowville,43.79599,-75.49832,13367,http://www.lcgh.net,Thu 10am-2pm,,NY,ny_open_data:qq4h-8p86
Lowville Farm & Craft Farmers' Market,Lowville,43.79484,-75.48769,13367,,Sat 8am-2pm,,NY,ny_open_data:qq4h-8p86
Lyons Falls ALIVE Farmers' Market,Lyons Falls,43.61458,-75.3562,13368,http://www.lewisfirst.com/lyonsfallsalive,Tue 11am-4pm,,NY,ny_open_data:qq4h-8p86
Mast Family Produce Farm Stand,Lowville,43.80488,-75.56254,13367,,Thu 11am-2pm,,NY,ny_open_data:qq4h-8p86
Simmons Farm Stand,Watertown,43.90327,-75.69086,13601,http://www.simmonsfarm.net,"Fri/Sat 10am-5pm, Sun 10am-4pm",,NY,ny_open_data:qq4h-8p86
Curbside Market-ABC Head Start,Rochester,43.16828,-77.60817,14605,http://www.foodlinkny.org,Fri 2:15-3pm,,NY,ny_open_data:qq4h-8p86
Lima Presbyterian Church Farmers' Market,Lima,42.90496,-77.61175,14485,http://limapreschurch.org,Tue 3pm-6pm,,NY,ny_open_data:qq4h-8p86
Cazenovia Farmers Market,Cazenovia,42.92943,-75.85504,13035,http://www.cazenoviachamber.com,Sat 9am-2pm,,NY,ny_open_data:qq4h-8p86
Chittenango Tue in the Park Farmers' Market,Chittenango,43.04499,-75.86571,13037,https://www.facebook.com/chittmarket/,Tue 5pm-8pm,,NY,ny_open_data:qq4h-8p86
Cottage Lawn Farmers' Market,Oneida,43.08719,-75.64705,13421,http://www.mchsfarmersmarket.org,Tue 2pm-6pm,,NY,ny_open_data:qq4h-8p86
Dizzy Lizzie's Farm Farm Stand,Erieville,42.83934,-75.74399,13061,http://www.dizzylizziesfarm.com,Mon 10-1pm,,NY,ny_open_data:qq4h-8p86
Kubecka Farm Roadside Stand,Kirkville,43.11239,-75.94782,13082,,"Mon-Fri 10am-6pm, Sat 10am-5pm, Sun 11am-3pm",,NY,ny_open_data:qq4h-8p86
Mosher Farms Farm Stand,Bouckville,42.87972,-75.57175,13310,http://www.mosherfarms.com,Sun 9am-5pm,,NY,ny_open_data:qq4h-8p86
Village of Hamilton Farmers Market,Hamilton,42.82684,-75.54436,13346,http://www.hamilton-ny.gov,Sat 8am-1pm,,NY,ny_open_data:qq4h-8p86
Brightly's Farm Market,Hamlin,43.29471,-77.94344,14464,http://www.brightlyfarms.com,Mon-Sat 9am-5pm,,NY,ny_open_data:qq4h-8p86
Brighton Farmers' Market,Rochester,43.12204,-77.56808,14618,http://www.brightonfarmersmarket.org,Sun 9am-1pm,,NY,ny_open_data:qq4h-8p86
Brighton WINTER Farmers' Market,Rochester,43.11275,-77.56809,14618,http://www.brightonfarmersmarket.org,Sun 10am-1pm,,NY,ny_open_data:qq4h-8p86
Curbside Market-Abraham Lincoln Apartments,Rochester,43.18972,-77.57741,14609,http://www.foodlinkny.org,Tue 11:45am-12:15pm,,NY,ny_open_data:qq4h-8p86
Curbside Market-Andrews Terrace,Rochester,43.15872,-77.61047,14604,http://www.foodlinkny.org,Wed 2pm-3pm,,NY,ny_open_data:qq4h-8p86
Curbside Market-Beechwood Neighborhood,Rochester,43.1658,-77.56665,14609,http://www.foodlinkny.org,Fri 11:45am-12:30pm,,NY,ny_open_data:qq4h-8p86
Curbside Market-Carriage Factory Apts,Rochester,43.15396,-77.62575,14608,http://www.foodlinkny.org,Tue 2pm-3pm,,NY,ny_open_data:qq4h-8p86
Curbside Market-Cedar Hill Terrace,Hilton,43.28254,-77.78845,14468,http://foodlinkny.org,Thu 12pm-12:30pm,,NY,ny_open_data:qq4h-8p86
Curbside Market-Charlotte Harbortown (Lake Ave),Rochester,43.25492,-77.61411,14612,http://www.foodlinkny.org,Fri 2:15pm-3:15pm,,NY,ny_open_data:qq4h-8p86
Curbside Market-Charlotte Harbortown (River St),Rochester,43.2444,-77.61607,14612,http://www.foodlinkny.org,Fri 3:30pm-4:30pm,,NY,ny_open_data:qq4h-8p86
Curbside Market-Cornerstone Pointe,Greece,43.21335,-77.69366,14626,http://www.foodlinkny.org,Mon 1:30pm-2:15pm,,NY,ny_open_data:qq4h-8p86
Curbside Market-Danforth Towers,Rochester,43.15038,-77.64166,14611,http://www.foodlinkny.org,Wed 2pm-2:45pm,,NY,ny_open_data:qq4h-8p86
Curbside Market-DePaul Ridgeview,Rochester,43.19375,-77.6078,14621,http://www.foodlinkny.org,Wed 4pm-4:30pm,,NY,ny_open_data:qq4h-8p86
Curbside Market-DHS Westfall,Rochester,43.11451,-77.61886,14620,http://www.foodlinkny.org,Thu 10:30am-11:15am,,NY,ny_open_data:qq4h-8p86
Curbside Market-Dunn Towers,Rochester,43.16924,-77.69727,14606,http://www.foodlinkny.org,Thu 10:30am-11:30am,,NY,ny_open_data:qq4h-8p86
Curbside Market-Durand Senior Apts,Rochester,43.22598,-77.54736,14622,http://www.foodlinkny.org,Fri 10:15am-11:15am,,NY,ny_open_data:qq4h-8p86
Curbside Market-Edna Craven Estates,Rochester,43.17494,-77.60725,14621,http://www.foodlinkny.org,Sat 12:15pm-1pm,,NY,ny_open_data:qq4h-8p86
Curbside Market-EL Towers,Rochester,43.1465,-77.60524,14620,http://www.foodlinkny.org,Tue 3:30pm-4:15pm,,NY,ny_open_data:qq4h-8p86
Curbside Market-Ellison Park Apts,Rochester,43.14917,-77.5466,14610,http://www.foodlinkny.org,Sat 11am-12pm,,NY,ny_open_data:qq4h-8p86
Curbside Market-ESLC East Ave,Rochester,43.15569,-77.59664,14604,http://www.foodlinkny.org,Tue 12pm-12:45pm,,NY,ny_open_data:qq4h-8p86
Curbside Market-ESLC Rockwood Ctr,Henrietta,43.04649,-77.62499,14467,http://www.foodlinkny.org,Fri 10:30am-11:15am,,NY,ny_open_data:qq4h-8p86
Curbside Market-Fairport Apartments,Fairport,43.10913,-77.43938,14450,http://www.foodlinkny.org,Thu 10:30am-11:15am,,NY,ny_open_data:qq4h-8p86
Curbside Market-FIGHT Village Apts,Rochester,43.16564,-77.60815,14605,http://www.foodlinkny.org,Thu 2:15pm-3pm,,NY,ny_open_data:qq4h-8p86
Curbside Market-Harris Park Apartments,Rochester,43.15131,-77.55331,14610,http://www.foodlinkny.org,Tue 3:45pm-4:30pm,,NY,ny_open_data:qq4h-8p86
Curbside Market-Hudson Ridge Tower,Rochester,43.19309,-77.60324,14621,http://www.foodlinkny.org,Wed 2:45pm-3:45pm,,NY,ny_open_data:qq4h-8p86
Curbside Market-Irondequoit Meadow Reserve,Rochester,43.19479,-77.56041,14609,http://www.foodlinkny.org,Tue 2:30pm-3:15pm,,NY,ny_open_data:qq4h-8p86
Curbside Market-James Dobson Apts,Rochester,43.14997,-77.62109,14608,http://www.foodlinkny.org,Sat 12:30pm-1:45pm,,NY,ny_open_data:qq4h-8p86
Curbside Market-Keeler Apts,Rochester,43.19395,-77.60168,14621,http://www.foodlinkny.org,Wed 2:30pm-4pm,,NY,ny_open_data:qq4h-8p86
Curbside Market-Kennedy Towers,Rochester,43.14251,-77.61894,14608,http://www.foodlinkny.org,Mon 3:15pm-4pm,,NY,ny_open_data:qq4h-8p86
Curbside Market-Lake Tower Apartments,Rochester,43.17054,-77.62751,14608,http://www.foodlinkny.org,Tue 10:30am-11:30am,,NY,ny_open_data:qq4h-8p86
Curbside Market-Lexington Ct Apts,Rochester,43.1791,-77.66474,14606,http://www.foodlinkny.org,Thu 3:30pm-4:15pm,,NY,ny_open_data:qq4h-8p86
Curbside Market-LifeSpan Wolk Caf�,Rochester,43.15805,-77.60484,14604,http://www.foodlinkny.org,Mon 12:30pm-1:30pm,,NY,ny_open_data:qq4h-8p86
Curbside Market-Long Pond Sr Housing,Rochester,43.2122,-77.69579,14626,http://www.foodlinkny.org,Mon 1pm-1:30pm,,NY,ny_open_data:qq4h-8p86
Curbside Market-Manhattan Sq Family Medicine,Rochester,43.15531,-77.59957,14607,http://www.foodlinkny.org,Thu 2pm-3pm,,NY,ny_open_data:qq4h-8p86
Curbside Market-Maplewood YMCA,Rochester,43.18092,-77.63017,14613,http://www.foodlinkny.org,Wed 12pm-12:45pm,,NY,ny_open_data:qq4h-8p86
Curbside Market-Monarch Senior Living,Webster,43.21799,-77.45824,14580,http://foodlinkny.org,Wed 12:15pm-1:15pm,,NY,ny_open_data:qq4h-8p86
Curbside Market-New Life Fellowship,Rochester,43.14139,-77.64044,14619,http://foodlinkny.org,Wed 11:30am-12:15pm,,NY,ny_open_data:qq4h-8p86
Curbside Market-OACES Family Learning Ctr,Rochester,43.17112,-77.61814,14605,http://www.foodlinkny.org,Fri 2:30pm-3:15pm,,NY,ny_open_data:qq4h-8p86
Curbside Market-Phillips Village,Webster,43.20943,-77.4189,14580,http://www.foodlinkny.org,Sat 2:30-3:30pm,,NY,ny_open_data:qq4h-8p86
Curbside Market-Pinnacle Place Apartments,Rochester,43.14006,-77.59637,14620,http://www.foodlinkny.org,Wed 10:30am-11:45am,,NY,ny_open_data:qq4h-8p86
Curbside Market-Plymouth Gardens,Rochester,43.13192,-77.6339,14611,http://www.foodlinkny.org,Fri 11:30am-12:45pm,,NY,ny_open_data:qq4h-8p86
Curbside Market-Rochester Highlands,Rochester,43.11568,-77.61362,14620,http://www.foodlinkny.org/CurbsideMarket,Fri 3:30pm-4:30pm,,NY,ny_open_data:qq4h-8p86
Curbside Market-Rochester Psychiatric Ctr,Rochester,43.12219,-77.61222,14620,http://www.foodlinkny.org,Fri 10:30am-11:15am,,NY,ny_open_data:qq4h-8p86
Curbside Market-Rochester View Apartments,Henrietta,43.06563,-77.64833,14467,http://www.foodlinkny.org,Wed 3:30pm-4pm,,NY,ny_open_data:qq4h-8p86
Curbside Market-Seneca Towers,Rochester,43.1904,-77.61943,14621,http://www.foodlinkny.org,Tue 11:45am-12:45pm,,NY,ny_open_data:qq4h-8p86
Curbside Market-Skyview Park Apts,Rochester,43.1997,-77.56908,14622,http://foodlinkny.org,Tue 3:30pm-4:30pm,,NY,ny_open_data:qq4h-8p86
Curbside Market-St. Ann's Adult Day Center,Rochester,43.19411,-77.5813,14621,http://www.foodlinkny.org,Tue 10:30am-11:30am,,NY,ny_open_data:qq4h-8p86
Curbside Market-St. Bernard Park Apts,Rochester,43.20764,-77.62947,14612,http://www.foodlinkny.org,Fri 3:45pm-4:30pm,,NY,ny_open_data:qq4h-8p86
Curbside Market-St. Jude Apts,Rochester,43.163475,-77.736702,14606,http://www.foodlinkny.org,Mon 2:45pm-3:15pm,,NY,ny_open_data:qq4h-8p86
Curbside Market-The Hamilton Apts,Rochester,43.14573,-77.61013,14620,http://www.foodlinkny.org,Sat 10:30am-11:45am,,NY,ny_open_data:qq4h-8p86
Curbside Market-Thurston Road YMCA,Rochester,43.132866,-77.651137,14619,http://www.foodlinkny.org,Wed 10:30am-11:15am,,NY,ny_open_data:qq4h-8p86
Curbside Market-Trillium Health,Rochester,43.14959,-77.59906,14607,http://www.foodlinkny.org,Mon 2pm-2:45pm,,NY,ny_open_data:qq4h-8p86
Curbside Market-University Tower,Rochester,43.15595,-77.58613,14607,http://www.foodlinkny.org,Wed 3:15pm-4pm,,NY,ny_open_data:qq4h-8p86
Curbside Market-Upper Falls Square Apts,Rochester,43.17109,-77.60063,14604,http://www.foodlinkny.org,Wed 10:45am-11:30am,,NY,ny_open_data:qq4h-8p86
Curbside Market-Venture PROS,Rochester,43.12489,-77.6126,14620,http://www.foodlinkny.org,Fri 11:30am-12:30pm,,NY,ny_open_data:qq4h-8p86
Curbside Market-VOC Liberty Landing Apts,Rochester,43.16041,-77.59841,14605,http://foodlinkny.org,Thu 2:30-3pm,,NY,ny_open_data:qq4h-8p86
Curbside Market-Warfield Square,Rochester,43.16084,-77.5761,14609,http://foodlinkny.org,Wed 3:15pm-4:15pm,,NY,ny_open_data:qq4h-8p86
Curbside Market-Winton Gardens Towers,Rochester,43.16076,-77.55556,14609,http://www.foodlinkny.org,Tue 2:30pm-3:30pm,,NY,ny_open_data:qq4h-8p86
Curbside Market-YWCA Apartments,Rochester,43.16073,-77.6082,14604,http://www.foodlinkny.org,Thu 3:15pm-4:15pm,,NY,ny_open_data:qq4h-8p86
Fairport Farmers' Market,Fairport,43.09992,-77.44214,14450,,Sat 7am-12pm,,NY,ny_open_data:qq4h-8p86
Greece Ridge Mall Sat Farmers' Market,Rochester,43.20677,-77.69406,14626,http://www.themallatgreeceridge.com,Sat 8am-2pm,,NY,ny_open_data:qq4h-8p86
Greece Ridge Mall Thu Farmers' Market,Rochester,43.20677,-77.69406,14626,http://www.themallatgreeceridge.com,Thu 8am-2pm,,NY,ny_open_data:qq4h-8p86
Irondequoit Farmers' Market,Rochester,43.21118,-77.58154,14617,http://www.irondequoit.org,Thu 4pm-7pm,,NY,ny_open_data:qq4h-8p86
Kirby's Farm Market,Brockport,43.25194,-77.98451,14420,http://www.kirbysfm.com,"Mon-Sat 10am-6pm, Sun 10am-5pm",,NY,ny_open_data:qq4h-8p86
Market 1892 Farm Stand,Spencerport,43.18763,-77.83524,14559,,"Mon-Sat 10am-6pm, Sun 10am-2pm",,NY,ny_open_data:qq4h-8p86
Partyka Farms Farm Stand,Kendall,43.29811,-77.99549,14470,http://www.partykafarms.com,"Daily 9am-9pm, Winter hrs 9am-6pm",,NY,ny_open_data:qq4h-8p86
Rochester Public Market -Thursday,Rochester,43.1657,-77.59016,14609,http://www.cityofrochester.gov/publicmarket,Thu 6am-1pm,,NY,ny_open_data:qq4h-8p86
Rochester Public Market -Tuesday,Rochester,43.1657,-77.59016,14609,http://www.cityofrochester.gov/publicmarket,Tue 6am-1pm,,NY,ny_open_data:qq4h-8p86
Rochester Public Market-Saturday,Rochester,43.1657,-77.59016,14609,http://www.cityofrochester.gov/publicmarket,Sat 5am-3pm,,NY,ny_open_data:qq4h-8p86
Webster's Joe Obbie Farmers' Market,Webster,43.20964,-77.45416,14580,http://www.webstersjoeobbiefarmersmarketinc.org,Sat 8:30am-1pm,,NY,ny_open_data:qq4h-8p86
Webster's Joe Obbie Wed Farmers' Market,Webster,43.22417,-77.44655,14580,,Wed 8:30am-1pm,,NY,ny_open_data:qq4h-8p86
Westside Farmers' Market,Rochester,43.134058,-77.636523,14611,http://www.westsidemarketrochester.com,Tue 4pm-7pm,,NY,ny_open_data:qq4h-8p86
Bellinger's Orchard Farm Stand,Fultonille,42.90293,-74.39306,12072,http://www.bellingersorchard.com,Daily 9am-5pm,,NY,ny_open_data:qq4h-8p86
Canajoharie Farmers' Market,Canajoharie,42.90515,-74.57222,13317,,Sun 11am-2pm,,NY,ny_open_data:qq4h-8p86
Damin Farm Stand,St. Johnsville,43.00497,-74.72233,13452,,Daily 2pm-6pm,,NY,ny_open_data:qq4h-8p86
Haven of Hope Farm Stand,Fonda,42.95627,-74.36841,12068,http://www.havenofhopefarm.org,Thu-Sat 9am-4pm,,NY,ny_open_data:qq4h-8p86
Karen's Produce Farm Stand,Amsterdam,42.93155,-74.28781,12010,,Daily 11am-9pm,,NY,ny_open_data:qq4h-8p86
Tylutki Family Farms Farm Stand,Palatine Bridge,42.91442,-74.53936,13428,,Daily 7am-8pm,,NY,ny_open_data:qq4h-8p86
Belmont Park Farm Stand at Anna House,Elmont,40.70922,-73.7216,11003,http://www.rtcany.org,Tue 10am-2pm,,NY,ny_open_data:qq4h-8p86
CCE Nassau Eisenhower Pk Farmers' Market,East Meadow,40.73687,-73.58301,11554,http://ccenassau.org,Sat 9am-1pm,,NY,ny_open_data:qq4h-8p86
Cedarmore Farm Stand,Baldwin,40.6566,-73.6221,11510,,Sat 10:30am-2:30pm,,NY,ny_open_data:qq4h-8p86
Community Connections Farm Stand-Garden St.,Westbury,40.76173,-73.56733,11590,,Sat 11am-3pm,,NY,ny_open_data:qq4h-8p86
Community Connections Farm Stand-Maple Ave.,Westbury,40.7559,-73.58741,11590,,Sat 12pm-3pm,,NY,ny_open_data:qq4h-8p86
Country Fresh Farmingdale Farmers' Market,Farmingdale,40.73166,-73.44566,11735,,Sun 10am-2pm,,NY,ny_open_data:qq4h-8p86
Crossroads Farm Farm Stand,Malverne,40.68066,-73.66376,11565,http://www.xroadsfarmliny.com,Tue 12-6pm; Fri 12pm-9pm; Sat 9am-3pm,,NY,ny_open_data:qq4h-8p86
Deep Roots Farmers' Market,Glen Cove,40.85889,-73.64328,11542,,Sat 9am-1pm,,NY,ny_open_data:qq4h-8p86
East Meadow Farm Stand,East Meadow,40.70092,-73.56747,11554,http://cce.nassau.org,Wed 11am-2pm,,NY,ny_open_data:qq4h-8p86
Kennedy Plaza Long Beach Farmers' Market -Wed,Long Beach,40.58943,-73.66592,11561,http://www.ligreenmarket.org,Wed 9am-2pm,,NY,ny_open_data:qq4h-8p86
Kennedy Plaza Long Beach Farmers' Market-Sat,Long Beach,40.58943,-73.66592,11561,http://www.ligreenmarket.org,Sat 9am-2pm,,NY,ny_open_data:qq4h-8p86
Port Washington Organic Farmers' Market,Port Washington,40.83153,-73.7019,11050,https://www.pwfarmersmarket.org/,Sat 8am-12pm,,NY,ny_open_data:qq4h-8p86
Rockville Centre Farmers' Market,Rockville Centre,40.65712,-73.6321,11570,http://www.longislandgrowersmarket.com,Sun 7am-12pm,,NY,ny_open_data:qq4h-8p86
Roslyn Farmers' Market,Roslyn,40.78188,-73.66277,11576,http://www.longislandgrowersmarket.com,Wed 7am-1pm,,NY,ny_open_data:qq4h-8p86
Rottkamp Bros Farm Stand,Old Brookville,40.83108,-73.61864,11545,,"Mon-Sat 10am-6pm, Sun 9am-4pm",,NY,ny_open_data:qq4h-8p86
Seaford Farmers' Market,Seaford,40.67572,-73.48657,11783,http://www.longislandgrowersmarket.com,Sat 7am-12pm,,NY,ny_open_data:qq4h-8p86
The Garden at St. Francis Farm Stand,North Bellmore,40.68156,-73.53528,11710,,Sun 11am-2pm,,NY,ny_open_data:qq4h-8p86
The Napolitano Family Farm Stand,Levittown,40.72556,-73.50916,11756,http://www.napolitanofamilyfarm.com,Sat 9am-2pm,,NY,ny_open_data:qq4h-8p86
175th Street Greenmarket,New York,40.84622,-73.93847,10038,http://www.grownyc.org/greenmarket,Thu 8am-4pm,,NY,ny_open_data:qq4h-8p86
57th Street Saturday Greenmarket,New York,40.76914,-73.9882,10019,https://www.grownyc.org/57greenmarket-sat,Sat 8am-3pm,,NY,ny_open_data:qq4h-8p86
79th Street Greenmarket,New York,40.7809,-73.97648,10024,http://www.grownyc.org/greenmarket/manhattan/79th-street,Sun 9am-4pm,,NY,ny_open_data:qq4h-8p86
82nd Street Greenmarket,New York,40.77394,-73.9506,10128,http://www.grownyc.org/greenmarket/manhattan/82nd-street,Sat 9am-2:30pm,,NY,ny_open_data:qq4h-8p86
97th Street Greenmarket,New York,40.79356,-73.96701,10025,http://www.grownyc.org/greenmarket/manhattan/west-97,Fri 8am-2pm,,NY,ny_open_data:qq4h-8p86
Abingdon Square Greenmarket,New York,40.73719,-74.00592,10014,http://www.grownyc.org/greenmarket/manhattan/abingdon-square,Sat 8am-2pm,,NY,ny_open_data:qq4h-8p86
Bowling Green Tuesday Greenmarket,New York,40.70454,-74.01418,10004,http://www.grownyc.org/greenmarket/manhattan/bowling-green-tu,Tue 8am-3pm,,NY,ny_open_data:qq4h-8p86
Bro/Sis Green Youth Market,Manhattan,40.82428,-73.94881,10031,http://brotherhood-sistersol.org/programs/environmental-program,Wed 10:30am-6pm,,NY,ny_open_data:qq4h-8p86
Chelsea Farmers' Market,New York,40.74633,-74.00081,10011,http://www.downtoearthmarkets.com,Sun 9am-2pm,,NY,ny_open_data:qq4h-8p86
Childrens Aid PS 152 Farm Stand,New York,40.8602,-73.92784,10040,,Tue 2pm-5pm,,NY,ny_open_data:qq4h-8p86
Children's Aid-Milbank Center,New York,40.80252,-73.94705,10026,http://childrensaidnyc.org,Wed 2:30pm-5:30pm,,NY,ny_open_data:qq4h-8p86
City Hall Park Tue Greenmarket,New York,40.71416,-74.00628,10007,http://www.grownyc.org/greenmarket,Tue 8am-4pm,,NY,ny_open_data:qq4h-8p86
Columbia Sun Greenmarket,New York,40.80649,-73.96469,10027,http://www.grownyc.org/greenmarket,Sun 8am-4pm,,NY,ny_open_data:qq4h-8p86
Columbia Thu Greenmarket,New York,40.80649,-73.96469,10027,http://www.grownyc.org/greenmarket/manhattan/columbia-th,Thu 8am-4pm,,NY,ny_open_data:qq4h-8p86
Corbin Hill Central Park Farm Stand,New York,40.79827,-73.95251,10026,http://corbinhillfoodproject.org/,Fri 2pm-6pm,,NY,ny_open_data:qq4h-8p86
Dag Hammarskjold Plaza Greenmarket,New York,40.75333,-73.97027,10017,http://www.grownyc.org/greenmarket/manhattan/dag-hammarskjold,Wed 8am-3pm,,NY,ny_open_data:qq4h-8p86
Fort Washington Greenmarket,New York,40.84246,-73.94245,10032,http://www.grownyc.org/greenmarket,Tue 8am-4pm,,NY,ny_open_data:qq4h-8p86
Gouverneur Health GrowNYC Farm Stand,New York,40.71321,-73.98779,10002,https://www.grownyc.org/farmstands,Fri 8:30am-2pm,,NY,ny_open_data:qq4h-8p86
Grass Roots Farmers' Market,New York,40.82365,-73.94385,10031,,Sat/Tue 9am-4pm,,NY,ny_open_data:qq4h-8p86
Harvest Home East Harlem Farmers' Market,New York,40.79024,-73.94564,10029,http://www.harvesthomefm.org,Thu 8am-3pm,,NY,ny_open_data:qq4h-8p86
Harvest Home Harlem Hospital Farmers' Market,New York,40.81539,-73.93985,10037,http://www.harvesthomefm.org,Fri 8am-3pm,,NY,ny_open_data:qq4h-8p86
Harvest Home Metropolitan Farmers' Market,New York,40.78553,-73.94615,10029,http://www.harvesthomefm.org,Fri 8am-3pm,,NY,ny_open_data:qq4h-8p86
Inwood Greenmarket,New York,40.86925,-73.92066,10034,http://www.grownyc.org/greenmarket/manhattan/inwood,Sat 8am-3pm,,NY,ny_open_data:qq4h-8p86
Lenox Hill GrowNYC Farmstand,New York,40.76653,-73.95698,10021,https://www.grownyc.org/farmstands,Thu 11am-4pm,,NY,ny_open_data:qq4h-8p86
Lower East Side GrowNYC Farm Stand,New York,40.71523,-73.9843,10002,https://www.grownyc.org/farmstands,Fri 9am-1:30pm,,NY,ny_open_data:qq4h-8p86
Morningside Park Farmers' Market,New York,40.80173,-73.95915,10025,http://www.downtoearthmarkets.com,Sat 9am-2pm,,NY,ny_open_data:qq4h-8p86
Mount Sinai Hospital Greenmarket,New York,40.78874,-73.95276,10029,http://www.grownyc.org/greenmarket,Wed 8am-3pm,,NY,ny_open_data:qq4h-8p86
Project EATS River Crossing Farm Stand,New York,40.78626,-73.94222,10029,,Sat 11am-4pm,,NY,ny_open_data:qq4h-8p86
Rockefeller Center Wed Greenmarket,New York,40.75907,-73.97846,10112,http://www.grownyc.org/greenmarket,Wed 8am-5pm,,NY,ny_open_data:qq4h-8p86
Ruppert Park Greenmarket,New York,40.78196,-73.94568,10128,http://www.grownyc.org/greenmarket,Sun 9am-3pm,,NY,ny_open_data:qq4h-8p86
Seeds in the Middle Farm Stand-Lower E Side PS 63,New York,40.71851,-73.98422,10009,http://www.seedsinthemiddle.org,Fri 2:30pm-4pm,,NY,ny_open_data:qq4h-8p86
Stuyvesant Town Greenmarket,New York,40.72998,-73.97935,10009,http://www.grownyc.org/greenmarket,Sun 9:30am-4pm,,NY,ny_open_data:qq4h-8p86
Tompkins Square Greenmarket,New York,40.72621,-73.9836,10009,http://www.grownyc.org/greenmarket/manhattan/tompkins-square,Sun 9am-4pm,,NY,ny_open_data:qq4h-8p86
Tribeca Greenmarket Saturday,New York,40.71697,-74.01062,10023,http://www.grownyc.org/greenmarket/manhattan/tribeca-sa,Sat 8am-2pm,,NY,ny_open_data:qq4h-8p86
Tucker Square Saturday Greenmarket,New York,40.7731,-73.98171,10023,http://www.grownyc.org/greenmarket/manhattan/tuckerthursday,Sat 8am-4pm,,NY,ny_open_data:qq4h-8p86
Tucker Square Thursday Greenmarket,New York,40.7731,-73.98171,10023,http://www.grownyc.org/greenmarket,Thu 8am-4pm,,NY,ny_open_data:qq4h-8p86
Two Bridges Youth Market Farm Stand,New York,40.71166,-73.99784,10038,http://fultonstallmarket.org,Sun 10:30am-3pm,,NY,ny_open_data:qq4h-8p86
Union Square Friday Greenmarket,New York,40.73669,-73.99079,10003,https://www.grownyc.org/greenmarket,Fri 8am-6pm,,NY,ny_open_data:qq4h-8p86
Union Square Monday Greenmarket,New York,40.73669,-73.99079,10003,https://www.grownyc.org/greenmarket/manhattan-union-square-w,Mon 8am-6pm,,NY,ny_open_data:qq4h-8p86
Union Square Saturday Greenmarket,New York,40.73669,-73.99079,10003,https://www.grownyc.org/greenmarket,Sat 8am-6pm,,NY,ny_open_data:qq4h-8p86
Union Square Wednesday Greenmarket,New York,40.73669,-73.99079,10003,https://www.grownyc.org/greenmarket,Wed 8am-6pm,,NY,ny_open_data:qq4h-8p86
Uptown Good Food Farm Stand,New York,40.81176,-73.95167,10027,,Thu 4pm-7pm,,NY,ny_open_data:qq4h-8p86
Uptown Good Food Farmers' Market,New York,40.81856,-73.94745,10032,,Sat 9am-3pm,,NY,ny_open_data:qq4h-8p86
Uptown Grand Central GrowNYC Farmstand,New York,40.80513,-73.93921,10035,https://www.grownyc.org/farmstands,Wed 1:30pm-7pm,,NY,ny_open_data:qq4h-8p86
Harris Farm Market Farm Stand,Gasport,43.23987,-78.56318,14067,,Daily 9am-7pm,,NY,ny_open_data:qq4h-8p86
Human Farms and Greenhouse Farm Stand,Appleton,43.27537,-78.64954,14008,,"Mon-Sat 10am-6pm , Sun 12pm-6pm",,NY,ny_open_data:qq4h-8p86
Huntington Farm Stand I,Middleport,43.24672,-78.48848,14105,,Daily 10am-6pm,,NY,ny_open_data:qq4h-8p86
Lockport Community Farmers' Market,Lockport,43.17085,-78.6939,14094,http://www.lockportcommunitymarket.com,Sat 9am-2pm,,NY,ny_open_data:qq4h-8p86
Newfane Methodist Farmers' Market,Newfane,43.28365,-78.70879,14108,,Wed 4:30pm-7pm,,NY,ny_open_data:qq4h-8p86
Niagara Falls City Friday Farmers' Market,Niagara Falls,43.09679,-79.03952,14301,https://www.niagarafallsusa.com/directory/niagara-falls-city-market/,Fri 8am-4pm,,NY,ny_open_data:qq4h-8p86
Niagara Falls City Monday Market,Niagara Falls,43.09679,-79.03952,14301,,Mon 8am-4pm,,NY,ny_open_data:qq4h-8p86
Niagara Falls City Wednesday Market,Niagara Falls,43.09679,-79.03952,14301,,Wed 8am-4pm,,NY,ny_open_data:qq4h-8p86
North Tonawanda City Sat Farmers' Market,North Tonawanda,43.03377,-78.87021,14120,,Sat 7am-1pm,,NY,ny_open_data:qq4h-8p86
North Tonawanda City Thu Farmers' Market,North Tonawanda,43.03377,-78.87021,14120,,Thu 7am-1pm,,NY,ny_open_data:qq4h-8p86
North Tonawanda City Tue Farmers' Market,North Tonawanda,43.03377,-78.87021,14120,,Tue 7am-1pm,,NY,ny_open_data:qq4h-8p86
Randy Becken Farm Stand,Sanborn,43.16543,-78.86239,14132,,"Wed-Sat 10am-6pm, Sun 10am-5pm",,NY,ny_open_data:qq4h-8p86
Schwab Farm Stand,Gasport,43.20425,-78.52308,14067,http://www.schwabsfarm.com,"Mon-Sat 8am-6pm, Sun 9am-3pm",,NY,ny_open_data:qq4h-8p86
Wilson Community Farmers' Market,Wilson,43.31275,-78.83217,14172,,Tue 4:30pm-7:30pm,,NY,ny_open_data:qq4h-8p86
Boonville Community Harvest Farmers' Market,Boonville,43.48252,-75.32731,13309,,Fri 2pm-7pm,,NY,ny_open_data:qq4h-8p86
Boonville Farmers' Market,Boonville,43.47538,-75.31608,13309,http://www.facebook.com/103MainStreetBACC,Thu 12pm-5pm,,NY,ny_open_data:qq4h-8p86
Camden Farmers Market,Camden,43.33307,-75.74806,13316,,Fri 2pm-6:30pm,,NY,ny_open_data:qq4h-8p86
Clinton Farmers' Market,Clinton,43.04932,-75.37881,13323,http://www.clintonnychamber.org,Thu 10am-4pm,,NY,ny_open_data:qq4h-8p86
Horn's Family Farm Stand,Remsen,43.32745,-75.18713,13438,http://hornsfamilyfarm.com,"Mon-Fri 12pm-6pm, Sat 9am-3pm",,NY,ny_open_data:qq4h-8p86
Oneida County Public Market,Utica,43.10393,-75.2239,13501,http://www.oneidacountymarket.com,Sat 9am-1pm,,NY,ny_open_data:qq4h-8p86
Oneida County WINTER Public Market,Utica,43.10393,-75.2239,13501,http://www.oneidacountymarket.com,Alt Saturdays 9am-1pm,,NY,ny_open_data:qq4h-8p86
Utica Farmers' Market,Utica,43.10123,-75.23606,13501,,Wed 8am-5pm,,NY,ny_open_data:qq4h-8p86
Vienna Farmers Market NY,Blossvale,43.2355,-75.70367,13082,,Thu 2pm-6:30pm,,NY,ny_open_data:qq4h-8p86
Bayberry Plaza Farmers' Market,Liverpool,43.13779,-76.22602,13090,http://www.bayberryplaza.com,Wed 8am-2pm,,NY,ny_open_data:qq4h-8p86
Brady Farm Ford Ave Farm Stand,Syracuse,43.01343,-76.15644,13207,http://www.bradyfarm.org,Mon-Sat 9am-4pm,,NY,ny_open_data:qq4h-8p86
Brady Farm Gifford St Farm Stand,Syracuse,43.04337,-76.1586,13204,http://www.bradyfarm.org,Thu 9am-2pm,,NY,ny_open_data:qq4h-8p86
Brady Farm Salina St Farm Stand,Syracuse,43.00915,-76.14226,13205,http://www.bradyfarm.org,Sat 8am-1pm,,NY,ny_open_data:qq4h-8p86
Brownson Family Farm Farm Stand,Kirkville,43.11657,-75.95328,13082,http://www.brownsonfamilyfarm.com,"Mon-Sat 10am-7pm, Sun 10am-5pm",,NY,ny_open_data:qq4h-8p86
Central NY Saturday Regional Market Authority,Syracuse,43.07269,-76.16835,13208,https://www.cnyregionalmarket.com/,Sat 7am-2pm,,NY,ny_open_data:qq4h-8p86
Central NY Sunday Regional Market Authority,Syracuse,43.07269,-76.16835,13208,https://www.cnyregionalmarket.com/,Sun 7am-2pm,,NY,ny_open_data:qq4h-8p86
Central NY Thursday Regional Market Authority,Syracuse,43.07269,-76.16835,13208,https://www.cnyregionalmarket.com/,Thu 7am-2pm,,NY,ny_open_data:qq4h-8p86
Delaney Farms Farm Stand,Syracuse,42.9876,-76.2609,13215,,Daily 9am-6pm,,NY,ny_open_data:qq4h-8p86
DeWitt Farmers' Market,East Syracuse,43.04654,-76.04934,13057,http://townofdewitt.com/departments/recreation/,Wed 12pm-6pm,,NY,ny_open_data:qq4h-8p86
Downtown Syracuse Farmers' Market,Syracuse,43.05054,-76.15354,13202,http://www.downtownsyracuse.com,Tue 8am-2pm,,NY,ny_open_data:qq4h-8p86
Emmi's Farm Market-Baldwinsville,Baldwinsville,43.16899,-76.40302,13027,http://www.emmifarms.com,"Tue-Sat 10am-5pm, Sun 10am-3pm",,NY,ny_open_data:qq4h-8p86
Fayetteville Farmers' Market,Fayetteville,43.02764,-76.01608,13066,http://www.fayettevillefarmersmarketcny.com,Thu 12pm-6pm,,NY,ny_open_data:qq4h-8p86
Reeves Farms Farm Stand,Baldwinsville,43.16508,-76.41743,13027,,"Mon-Sat 9:30am-6pm, Sun 10am-5pm",,NY,ny_open_data:qq4h-8p86
Skaneateles Farmer's Market-Saturday,Skaneateles,42.95091,-76.43045,13152,https://www.townofskaneateles.com,Sat 9:30am-12:30pm,,NY,ny_open_data:qq4h-8p86
Skaneateles Farmers' Market-Thursday,Skaneateles,42.95089,-76.4309,13152,http://www.townofskaneateles.com,Thu 3pm-6pm,,NY,ny_open_data:qq4h-8p86
Syracuse Eastside Farmers' Market,Syracuse,43.03662,-76.1192,13210,https://westcottcc.org/syracuse-eastside-farmers-market,Wed 2pm-6pm,,NY,ny_open_data:qq4h-8p86
Urban Delights Farm Stand,Syracuse,43.03372,-76.15626,13204,,Wed 1pm-5pm,,NY,ny_open_data:qq4h-8p86
Canandaigua Farmers' Market,Canandaigua,42.8857,-77.27849,14424,http://www.canandaiguafarmersmarket.comou,Sat 9am-12pm,,NY,ny_open_data:qq4h-8p86
Genecco's Farm Market Farm Stand,Canandaigua,42.94046,-77.32984,14424,,"Wed/Fri 9am-5:30pm, Sat 9am-4pm , Sun 10am-3pm",,NY,ny_open_data:qq4h-8p86
Geneva Farmers Market,Geneva,42.8664,-76.98021,14456,https://cityofgenevany.com/413/Geneva-Farmers-Market,Sat 8am-1pm,,NY,ny_open_data:qq4h-8p86
Schenk Homestead Farm,Naples,42.66227,-77.39971,14512,,Thu 4pm-7pm,,NY,ny_open_data:qq4h-8p86
Victor Farmers' Market,Victor,42.98236,-77.4088,14564,http://www.victorny.org,Wed 3pm-6pm,,NY,ny_open_data:qq4h-8p86
Cornwall Farmers' Market,Cornwall,41.438985,-74.028493,12518,,Wed 11am-5pm,,NY,ny_open_data:qq4h-8p86
Florida NY Farmers' Market,Florida,41.33775,-74.35873,10921,http://www.floridafarmersmarket.org,Tue 10am-4pm,,NY,ny_open_data:qq4h-8p86
Healthy Orange Farmers' Market,Newburgh,41.50009,-74.01254,12550,http://www.healthyorange.com,Tue 10am-2pm,,NY,ny_open_data:qq4h-8p86
Kirby Farm Hemlock Grove Farm Stand,Middletown,41.40479,-74.50332,10940,,Daily 8am-6pm,,NY,ny_open_data:qq4h-8p86
Lakeside Greenwood Lake Farmers' Market,Greenwood Lake,41.2235,-74.29337,10925,,Sat 9am-1pm,,NY,ny_open_data:qq4h-8p86
Middletown Farmers' Market,Middletown,41.44814,-74.41459,10940,http://www.middletownbid.org,Sat 8am-1pm,,NY,ny_open_data:qq4h-8p86
Morgiewicz Produce Farm Stand,Goshen,41.32012,-74.43629,10924,,"Wed 11am-6pm, Sun 9am-4pm",,NY,ny_open_data:qq4h-8p86
Newburgh Farmers' Market,Newburgh,41.49992,-74.0112,12550,http://www.newburghnyfarmersmarket.org,Sat 10am-3pm,,NY,ny_open_data:qq4h-8p86
Newburgh Urban Farm Farm Stand,Newburgh,41.508,-74.01833,12550,,Sat 9am-12pm Tue 10am-2pm,,NY,ny_open_data:qq4h-8p86
Pine Bush Farmers' Market,Pine Bush,41.60918,-74.3005,12566,http://www.pinebushfarmersmarket.com,Sat 9am-1pm,,NY,ny_open_data:qq4h-8p86
Port Jervis Farmers' Market,Port Jervis,41.37555,-74.69237,12771,http://www.pjfarmmarket.com,Sat 10am-1pm,,NY,ny_open_data:qq4h-8p86
Sleepy Hills Orchard Farm Stand,Johnson,41.35818,-74.50442,10933,http://www.sleepyhillsorchard.com,Fri-Wed 9am-6pm,,NY,ny_open_data:qq4h-8p86
Soons Orchards Farm Stand,New Hampton,41.40258,-74.40356,10958,http://www.soonsorchards.com,Daily 9am-6pm,,NY,ny_open_data:qq4h-8p86
Village of Monroe Farmers' Market,Monroe,41.32983,-74.189196,10950,https://villageofmonroe.org/farmersmarket.html,Sun 9am-1pm,,NY,ny_open_data:qq4h-8p86
Warwick Valley Farmers' Market,Warwick,41.25656,-74.35858,10990,http://www.warwickvalleyfarmersmarket.org,Sun 9am-2pm,,NY,ny_open_data:qq4h-8p86
Canal Village Farmers' Market,Medina,43.22187,-78.38667,14103,http://www.facebook.com/hashtag/canalvillagefarmersmarket,Sat 9am-2pm,,NY,ny_open_data:qq4h-8p86
Canal Village Winter Farmers' Market,Medina,43.22187,-78.38667,14103,,Sat 9am-1pm,,NY,ny_open_data:qq4h-8p86
Circle R Farm Market,Waterport,43.36049,-78.24848,14571,,Daily 9am-9pm,,NY,ny_open_data:qq4h-8p86
Lori's Market Basket Farm Stand,Holley,43.22135,-78.02329,14470,,Daily 9am-6pm,,NY,ny_open_data:qq4h-8p86
Navarras Farm Market and Greenhouses,Albion,43.18941,-78.25422,14411,http://navarrasfarmmarketandgreenhouses.net,Daily 10am-5pm,,NY,ny_open_data:qq4h-8p86
Panek's Farm Stand,Albion,43.21866,-78.2551,14411,http://www.panekspickinpatch.com,"Mon-Sat 9am-4pm, Sun 9am-12pm",,NY,ny_open_data:qq4h-8p86
Roberts Farm Market,Medina,43.20679,-78.40098,14103,http://www.robertsfarmmarket.com,Mon-Sat 8am-6pm,,NY,ny_open_data:qq4h-8p86
Rush's Vegetables,Albion,43.31221,-78.25125,14411,,Daily 9am-7pm,,NY,ny_open_data:qq4h-8p86
Fowler Farms Farm Stand,Hannibal,43.28328,-76.53314,13074,,Daily 9am-6pm,,NY,ny_open_data:qq4h-8p86
Fulton Farmers' Market,Fulton,43.3111,-76.40499,13069,http://www.oswegofultonchamber.com,Sat 8am-12pm,,NY,ny_open_data:qq4h-8p86
Godfrey's Last Stand Farm Stand,Phoenix,43.31155,-76.29001,13135,,Daily 10am-4pm,,NY,ny_open_data:qq4h-8p86
Grindstone Farm Stand,Pulaski,43.50657,-76.10799,13142,http://grindstonefarm.com,Fri 10am-3pm,,NY,ny_open_data:qq4h-8p86
Guppy's Berry Farm Farm Stand,West Monroe,43.35052,-76.03094,13617,http://www.guppysberryfarmllc.com,Tue-Sun 9am-4pm,,NY,ny_open_data:qq4h-8p86
Ingersoll Farms Farm Stand,Fulton,43.29612,-76.35622,13069,,Daily 9am-7pm,,NY,ny_open_data:qq4h-8p86
Oswego Farmers' Market,Oswego,43.45656,-76.51127,13126,http://www.oswegofultonchamber.com,Thu 4pm-8pm,,NY,ny_open_data:qq4h-8p86
Pulaski Farmers' Market,Pulaski,43.56621,-76.12843,13142,http://www.pulaskifarmersmarket.com,Fri 4pm-8pm,,NY,ny_open_data:qq4h-8p86
Cooperstown Saturday Farmers' Market,Cooperstown,42.70001,-74.92526,13326,http://www.cooperstownfarmersmarket.org,Sat 9am-2pm,,NY,ny_open_data:qq4h-8p86
Cooperstown Tuesday Farmers' Market,Cooperstown,42.70063,-74.92524,13326,http://www.cooperstownfarmersmarket.org,Tue 12pm-4pm,,NY,ny_open_data:qq4h-8p86
Middlefield Orchard Farm Stand,Cooperstown,42.70279,-74.8348,13326,http://www.middlefieldorchard.com,Mon-Sat 9am-5pm,,NY,ny_open_data:qq4h-8p86
Morris Farmers' Market,Morris,42.54813,-75.24686,13808,,Thu 2:30pm-5:30pm,,NY,ny_open_data:qq4h-8p86
Oneonta Farmers' Market,Oneonta,42.45644,-75.06295,13820,http://www.oneontafarmersmarket.org,Sat 9am-12pm,,NY,ny_open_data:qq4h-8p86
Oneonta Public Market,Oneonta,42.45399,-75.06338,13820,,Sat 9am-1pm,,NY,ny_open_data:qq4h-8p86
Richfield Springs Area Sat Farmers' Market,Richfield Springs,42.85359,-74.98476,13439,,Sat 9am-1pm,,NY,ny_open_data:qq4h-8p86
Glynwood Farm Stand,Cold Spring,41.45365,-73.8675,10516,,"Sat/Sun 10am-2pm, Tue/Fri 2pm-6pm",,NY,ny_open_data:qq4h-8p86
Corona Greenmarket,Corona,40.74994,-73.86221,11368,http://www.grownyc.org/greenmarket,Fri 8am-3pm,,NY,ny_open_data:qq4h-8p86
Cunningham Park Farmers' Market,Queens,40.73087,-73.77457,11366,http://www.downtoearthmarkets.com,Sun 9am-2pm,,NY,ny_open_data:qq4h-8p86
Edgemere Farm Stand,Far Rockaway,40.59536,-73.77654,11691,http://www.edgemerefarm.org,Fri 3-6pm Sat 10-1pm,,NY,ny_open_data:qq4h-8p86
Elmhurst Hospital Greenmarket,Elmhurst,40.74584,-73.88622,11373,http://www.grownyc.org,Tue 8am-3pm,,NY,ny_open_data:qq4h-8p86
Far Rock Farm Stand,Far Rockaway,40.595287,-73.776572,11691,http://tcahnyc.org,Sat 10am-2pm,,NY,ny_open_data:qq4h-8p86
Flushing Greenmarket,Flushing,40.75663,-73.82554,11355,https://www.grownyc.org/farmstands,Wed 8am-3pm,,NY,ny_open_data:qq4h-8p86
Forest Hills Greenmarket,Queens,40.72193,-73.84676,11375,http://www.grownyc.org/greenmarket/queens/forest-hills,Sun 8am-2pm,,NY,ny_open_data:qq4h-8p86
Forest Park GrowNYC Farm Stand,Richmond Hill,40.70109,-73.84191,11418,https://www.grownyc.org/farmstands,Sat 9am-2:30pm,,NY,ny_open_data:qq4h-8p86
Jackson Heights Greenmarket,Jackson Heights,40.7535,-73.88791,11372,http://www.grownyc.org/greenmarket/queens/jackson-heights,Sun 8am-3pm,,NY,ny_open_data:qq4h-8p86
Perez Farm Stand-Jamaica Hospital,Queens,40.70222,-73.81767,11418,,Wed 10am-3pm,,NY,ny_open_data:qq4h-8p86
Queens County Farm Museum Farm Stand,Queens,40.74818,-73.72124,11004,http://www.queensfarm.org,Wed-Sun 10am-4pm,,NY,ny_open_data:qq4h-8p86
Queens County Farm Museum-Borough Hall,Queens,40.71395,-73.82972,11424,http://www.queensfarm.org,Thu 10am-3pm,,NY,ny_open_data:qq4h-8p86
Queens County Farm-Jamaica Hospital Farm Stand,Richmond Hill,40.70134,-73.81631,11418,http://www.queensfarm.org,Fri 10am-3pm,,NY,ny_open_data:qq4h-8p86
Ridgewood GrowNYC Farm Stand,Ridgewood,40.70011,-73.90619,11385,https://www.grownyc.org/farmstands,Sat 9:30am-2pm,,NY,ny_open_data:qq4h-8p86
Sunnyside Greenmarket,Sunnyside,40.74714,-73.92242,11104,http://www.grownyc.org/greenmarket/queens/sunnyside,Sat 8am-3pm,,NY,ny_open_data:qq4h-8p86
Capital Roots Good Food Market,Troy,42.74208,-73.68525,12180,http://www.capitalroots.org/urban-grow-center-market/,"Tue-Fri 10am-7pm, Sat 10am-4pm",,NY,ny_open_data:qq4h-8p86
Troy Waterfront Farmers' Market,Troy,42.73212,-73.69062,12180,http://www.troymarket.org,Sat 9am-2pm,,NY,ny_open_data:qq4h-8p86
Troy Waterfront WINTER Farmers' Market,Troy,42.73196,-73.68893,12182,http://www.troymarket.org,Sat 9am-2pm,,NY,ny_open_data:qq4h-8p86
Veggie Mobile Sprout-Burns Apts,Troy,42.733148,-73.684555,12180,http://www.capitalroots.org,Thu 11:30am-12:15pm,,NY,ny_open_data:qq4h-8p86
Veggie Mobile Sprout-Conway Court Apts,Troy,42.73979,-73.66072,12180,http://www.capitalroots.org,Fri 11:30am-12:15pm,,NY,ny_open_data:qq4h-8p86
Veggie Mobile Sprout-Edward A. Kane Apts,Troy,42.7748,-73.67761,12182,http://www.capitalroots.org,Thu 4pm-4:30pm,,NY,ny_open_data:qq4h-8p86
Veggie Mobile Sprout-Lansingburgh Apts,Troy,42.77223,-73.67258,12182,http://www.capitalroots.org,Wed 3pm-3:30pm,,NY,ny_open_data:qq4h-8p86
Veggie Mobile Sprout-Monument Square Apts,Troy,42.73123,-73.69261,12180,http://www.captialroots.org,Tue 11:30am-12:15pm,,NY,ny_open_data:qq4h-8p86
Veggie Mobile Sprout-O'Neil Apts,Troy,42.73436,-73.68587,12180,http://www.capitalroots.org,Wed 3:45pm-4:30pm,,NY,ny_open_data:qq4h-8p86
Veggie Mobile Sprout-Watervliet Public Library,Watervliet,42.72629,-73.70008,12189,http://www.capitalroots.org,Thu 2:30pm-3:30pm,,NY,ny_open_data:qq4h-8p86
Veggie Mobile-Kennedy Towers Apts,Troy,42.75592,-73.67956,12180,http://www.capitalroots.org,Wed 3:15pm-4:15pm,,NY,ny_open_data:qq4h-8p86
Veggie Mobile-Renwyck Place Apts,Rensselaer,42.63925,-73.73936,12144,http://www.capitalroots.org,Thu 11:45am-12:30pm,,NY,ny_open_data:qq4h-8p86
Veggie Mobile-Van Rensselaer Heights,Rensselaer,42.65953,-73.73008,12144,http://www.capitalroots.org,Thu 10:45am-11:30am,,NY,ny_open_data:qq4h-8p86
Children's Aid-Goodhue Center,Staten Island,40.63794,-74.0979,10301,http://childrensaidnyc.org,Tue 1:30pm-4:30pm,,NY,ny_open_data:qq4h-8p86
St George Greenmarket,Staten Island,40.64159,-74.07791,10301,http://www.grownyc.org/greenmarket/staten-island/saint-george,Sat 8am-1pm,,NY,ny_open_data:qq4h-8p86
Staten Island Mall Greenmarket,Staten Island,40.58333,-74.16089,10314,http://www.grownyc.org/greenmarket,Sat 8am-2pm,,NY,ny_open_data:qq4h-8p86
J & D Farm Stand,Spring Valley,41.10984,-74.04673,10977,,Wed 10am-3pm,,NY,ny_open_data:qq4h-8p86
Nyack Farmers' Market,Nyack,41.09154,-73.9216,10960,https://www.nyackchamber.org/nyack-farmers-market/,Thu 9am-2pm,,NY,ny_open_data:qq4h-8p86
Perez Farm Stand-Haverstraw,Haverstraw,41.19639,-73.96645,10927,,Sun 9am-1pm,,NY,ny_open_data:qq4h-8p86
Perez Farm Stand-Monsey,Monsey,41.11129,-74.06488,10952,,Sun 10am-3pm,,NY,ny_open_data:qq4h-8p86
Arnolds Farm Fresh Produce Farm Stand,West Charlton,42.96962,-74.02911,12010,http://www.arnoldsproduce.com,Daily 10am-6pm,,NY,ny_open_data:qq4h-8p86
Ballston Spa Saturday Farmers' Market,Ballston Spa,43.00223,-73.85028,12020,https://www.ballston.org/category/farmers-market,Sat 9am-1pm,,NY,ny_open_data:qq4h-8p86
Ballston Spa Thursday Farmers' Market,Ballston Spa,43.00241,-73.85154,12020,https://www.ballston.org/category/farmers-market,Thu 3pm-6pm,,NY,ny_open_data:qq4h-8p86
Bowman Orchards Farm Stand,Rexford,42.81576,-73.83953,12148,http://www.bowmanorchards.com,Daily 9am-5pm,,NY,ny_open_data:qq4h-8p86
Clifton Park Farmers' Market,Clifton Park,42.8688,-73.80859,12065,http://www.saratogafarmersmarket.org,Mon 2pm-5pm,,NY,ny_open_data:qq4h-8p86
Halfmoon Farmers' Market,Halfmoon,42.85384,-73.72547,12065,,Wed 3pm-6pm,,NY,ny_open_data:qq4h-8p86
Morning Rise Farm and Flowers Farm Stand,Clifton Park,42.86265,-73.77823,12065,,"Tue 3pm-6pm Fri 9am-6pm, Sat 9am-5pm",,NY,ny_open_data:qq4h-8p86
My Other Garden Farm Stand,Ballston Lake,42.97542,-73.99127,12019,,"Mon/Wed/Fri/Sun 10am-6pm, Thu 10am-1pm; Sat 2pm-6pm",,NY,ny_open_data:qq4h-8p86
Petuskes Produce Farm Stand,Waterford,42.82758,-73.71722,12188,,"Mon-Fri 9am-5:30pm, Sun/Sat 9am-3pm",,NY,ny_open_data:qq4h-8p86
Saratoga Farmers' Market-Saturday,Saratoga Springs,43.08653,-73.77965,12866,http://www.saratogafarmersmarket.org,Sat 9am-1pm,,NY,ny_open_data:qq4h-8p86
Saratoga Farmers' Market-Wednesday,Saratoga Springs,43.08653,-73.77965,12866,http://www.saratogafarmersmarket.org,Wed 3pm-6pm,,NY,ny_open_data:qq4h-8p86
Saratoga WINTER Farmers' Market,Saratoga Springs,43.06464,-73.79044,12866,http://www.saratogafarmersmarket.org,Sat 9:30am-1:30pm,,NY,ny_open_data:qq4h-8p86
Spa City Farmers' Market,Saratoga Springs,43.06474,-73.78876,12866,http://www.spacityfarmersmarket.com,Sun 10am-2pm,,NY,ny_open_data:qq4h-8p86
Stillwater Farmers' Market,Stillwater,42.93756,-73.65848,12170,,Tue 3pm-6pm,,NY,ny_open_data:qq4h-8p86
The Farmer's Wagon Farm Stand,Clifton Park,42.84034,-73.79385,12065,,Daily 9am-6pm,,NY,ny_open_data:qq4h-8p86
Buhrmaster Farm Stand,Scotia,42.86538,-73.93288,12302,http://www.buhrmasterfarms.com,Daily 9am-6pm,,NY,ny_open_data:qq4h-8p86
Schenectady City Hall Farmers' Market,Schenectady,42.81378,-73.94032,12305,http://www.facebook.com/ThursdaySchenectadyFarmersMarket/,Thu 9:30am-1:30pm,,NY,ny_open_data:qq4h-8p86
Schenectady Greenmarket,Schenectady,42.81372,-73.94015,12305,http://www.schenectadygreenmarket.org,Sun 10am-2pm,,NY,ny_open_data:qq4h-8p86
Veggie Mobile Sprout-Edison Senior,Schenectady,42.8054,-73.99947,12306,http://www.capitalroots.org,Tue 3:15pm-4pm,,NY,ny_open_data:qq4h-8p86
Veggie Mobile Sprout-Father Leo Obrien,Schenectady,42.76062,-73.94004,12303,http://www.capitalroots.org,Tue 1:30pm-2:15pm,,NY,ny_open_data:qq4h-8p86
Veggie Mobile Sprout-Holly Manor,Schenectady,42.76857,-73.94259,12303,http://www.capitalroots.org,Tue 2:30pm-3pm,,NY,ny_open_data:qq4h-8p86
Veggie Mobile Sprout-Mont Pleasant Commons Sr Housing,Schenectady,42.79161,-73.94003,12303,http://www.capitalroots.org,Tue 1:45-2:30PM (1st and 3rd Tuesday),,NY,ny_open_data:qq4h-8p86
Veggie Mobile-Summit Towers,Schenectady,42.80923,-73.93822,12307,http://www.capitalroots.org,Fri 1:30pm-2:30pm,,NY,ny_open_data:qq4h-8p86
Veggie Mobile-Ten Eyck Apts,Schenectady,42.80919,-73.94511,12305,http://www.capitalroots.org,Fri 2:45pm-3:45pm,,NY,ny_open_data:qq4h-8p86
Will-A-Way Farm Farm Stand,Schoharie,42.71853,-74.26954,12157,,Thu-Sat 3pm-6pm,,NY,ny_open_data:qq4h-8p86
Barber Family Farm Stand,Fulton,42.58123,-74.39189,12122,http://www.barbersfarm.com,Daily 9am-5:30pm,,NY,ny_open_data:qq4h-8p86
Central Bridge Farmers' Market,Central Bridge,42.71094,-74.33805,12035,,Wed 4:30pm-7:30pm,,NY,ny_open_data:qq4h-8p86
Festival Farmers' Market,Cobleskill,42.68283,-74.44221,12043,,Sat 10am-2pm,,NY,ny_open_data:qq4h-8p86
Parsons Vegetable Farm Farm Stand,Sharon Springs,42.78332,-74.60004,13459,,Daily 10am-6pm,,NY,ny_open_data:qq4h-8p86
Schoharie Valley Farms Farm Stand,Schoharie,42.68477,-74.29692,12157,http://www.schoharievalleyfarms.com,Daily 9am-6pm,,NY,ny_open_data:qq4h-8p86
Van-Dale Farms Farm Stand,Central Bridge,42.72439,-74.36357,12035,,Daily 9am-5pm,,NY,ny_open_data:qq4h-8p86
Montour Falls Farmers' Market,Montour Falls,42.34629,-76.84783,14865,http://www.montourfallsfarmersmarket.com,Thu 4pm-7pm,,NY,ny_open_data:qq4h-8p86
Muddy Fingers Farm Stand,Hector,42.52211,-76.85576,14841,,Fri 12pm-5pm,,NY,ny_open_data:qq4h-8p86
R Farms Farm Stand,Watkins Glen,42.38164,-76.9035,14891,,Wed 3pm-6pm,,NY,ny_open_data:qq4h-8p86
Ovid Farmers Market,Ovid,42.67552,-76.82293,14521,,Sat 9am-12pm,,NY,ny_open_data:qq4h-8p86
Seneca Falls Farmers' Market,Seneca Falls,42.91008,-76.80086,13148,http://www.senecamarket.com,Tue 2pm-6pm,,NY,ny_open_data:qq4h-8p86
Stoltzfus Produce Farm Stand,Ovid,43.78189,-75.47601,14521,,Mon-Sat 8am-7pm,,NY,ny_open_data:qq4h-8p86
Waterloo Rotary Farmers' Market,Waterloo,42.90482,-76.86699,13165,http://www.waterloofarmmarket.com,Thu 2pm-6pm,,NY,ny_open_data:qq4h-8p86
Canton Friday Farmers' Market,Canton,44.59564,-75.16728,13617,http://www.gardenshare.org,Fri 9am-2pm,,NY,ny_open_data:qq4h-8p86
Canton Tuesday Farmers' Market,Canton,44.59564,-75.16921,13617,http://www.gardenshare.org,Tue 9am-2pm,,NY,ny_open_data:qq4h-8p86
Drumlins Farm Stand,Massena,44.92228,-74.88403,13662,,Sun 9am-2pm,,NY,ny_open_data:qq4h-8p86
Gouverneur Farmers' Market,Gouverneur,44.33871,-75.45766,13642,http://www.gouverneurchamber.net,Thu 9am-2pm,,NY,ny_open_data:qq4h-8p86
Hammond Farmers' and Artisans Market,Hammond,44.45118,-75.69312,13646,,Wed 3pm-6pm,,NY,ny_open_data:qq4h-8p86
Martin's Farm Stand,Potsdam,44.67107,-74.90401,13676,http://www.martinsfarmstand.com,Tues-Sat 10am-6pm,,NY,ny_open_data:qq4h-8p86
Potsdam Farmers' Market,Potsdam,44.66865,-74.98493,13676,http://www.gardenshare.org,Sat 9am-2pm,,NY,ny_open_data:qq4h-8p86
Whitten Family Farm Stand,Winthrop,44.75203,-74.752,13697,http://www.whittenfamilyfarm.com,Mon-Wed 10am-8pm,,NY,ny_open_data:qq4h-8p86
Bath Wednesday Farmers' Market,Bath,42.33353,-77.31842,14810,,Wed 9am-2pm,,NY,ny_open_data:qq4h-8p86
Bluebird Trail Farm Mobile Market-Addison,Addison,42.09987,-77.23596,14830,,Tue 1pm-3pm,,NY,ny_open_data:qq4h-8p86
Bluebird Trail Farm Mobile Market-Corning,Corning,42.149,-77.06186,14830,,Tue 9am-11am,,NY,ny_open_data:qq4h-8p86
Corning Farmers' Market,Corning,42.1443,-77.05339,14830,http://www.gafferdistrict.com,Thu 10am-2pm,,NY,ny_open_data:qq4h-8p86
Dave's Produce Farm Stand,Bath,42.32583,-77.29073,14810,,"Mon-Fri 9am-6pm, Sat 9am-5pm , Sun 10am-4pm",,NY,ny_open_data:qq4h-8p86
Eggs 'n Honey Homestead Farm Stand,Prattsburgh,42.55594,-77.34326,14873,,Sun 10am-1pm,,NY,ny_open_data:qq4h-8p86
Habee Farms Mobile Market-Bath,Bath,42.34847,-77.3117,14810,,Mon 9am-11am,,NY,ny_open_data:qq4h-8p86
Habee Farms Mobile Market-Prattsburgh,Prattsburgh,42.52301,-77.28856,14873,,Mon 1pm-3pm,,NY,ny_open_data:qq4h-8p86
KC's Produce Farm Stand,Cohocton,42.42329,-77.56577,14826,,Daily 7am-7pm,,NY,ny_open_data:qq4h-8p86
Lowery Family Farm Farm Stand,Savona,42.28168,-77.22049,14879,http://www.loweryfamilyfarms.com,"Mon-Fri 9am-6pm, Sat/Sun 9am-5pm",,NY,ny_open_data:qq4h-8p86
Lowery Family Farm MM-Canisteo,Canisteo Manor,42.26825,-77.60422,14823,,Wed 12:30pm-2:30pm,,NY,ny_open_data:qq4h-8p86
Lowery Family Farm MM-Chemung Co Fairgrounds,Addison,42.09925,-77.23626,14801,,Tue 10am-12pm,,NY,ny_open_data:qq4h-8p86
Lowery Family Farm MM-Corning,Corning,42.14893,-77.05201,14830,,Wed 4pm-6pm,,NY,ny_open_data:qq4h-8p86
Lowery Family Farm MM-Hornell,Hornell,42.32543,-77.65884,14843,,Wed 9:30am-11am,,NY,ny_open_data:qq4h-8p86
Ole Thyme Farm Stand,Wayland,42.57328,-77.56,14572,http://olethymefarm.com,Daily 8am-7pm,,NY,ny_open_data:qq4h-8p86
Painted Post Farmers' Market,Painted Post,42.16134,-77.0919,14870,,Sat 10am-2pm,,NY,ny_open_data:qq4h-8p86
Al's Farm Stand,Oakdale,40.77235,-73.24614,11769,http://www.familyres.org,Mon/Wed/Fri 10am-2pm,,NY,ny_open_data:qq4h-8p86
Andrews Family Farm Farm Stand,Calverton,40.94993,-72.80243,11933,,"Mon-Sat 9am-5pm, Sun 9am-4pm",,NY,ny_open_data:qq4h-8p86
Babylon Village Farmers' Market,Babylon,40.69455,-73.32978,11702,http://www.longislandfarmersmarkets.com,Sun 8am-12pm,,NY,ny_open_data:qq4h-8p86
Dobler Farm Stand,Deer Park,40.76618,-73.33076,11729,,Daily 9am-5pm,,NY,ny_open_data:qq4h-8p86
HOG Farm Stand-Brookhaven,Brookhaven,40.77329,-72.90525,11719,http://thehogfarm.org,"Mon/Wed/Fri 3:30pm-6:30pm, Sat 9am-1pm",,NY,ny_open_data:qq4h-8p86
Huntington Village Farmers' Market,Huntington,40.87163,-73.42456,11743,http://www.longislandfarmersmarkets.com,Sun 8am-12:30pm,,NY,ny_open_data:qq4h-8p86
Islip Farmers' Market,Islip,40.72975,-73.21077,11751,http://www.longislandgrowersmarket.com,Sat 7am-12pm,,NY,ny_open_data:qq4h-8p86
John Gardiner Farm Stand,Huntington,40.85099,-73.38016,11743,,Daily 10am-5pm,,NY,ny_open_data:qq4h-8p86
Lindenhurst Farmers' Market,Lindenhurst,40.68741,-73.37403,11757,,Sat 10am-2pm,,NY,ny_open_data:qq4h-8p86
Montauk Farmers' Market,Montauk,41.03436,-71.94424,11954,https://montaukchamber.com/montauk-farmers-market/,"Thu 9am-2pm, Fri starting 9/19/25",,NY,ny_open_data:qq4h-8p86
Rexer Farm Stand,Huntington,40.83997,-73.36801,11743,,"Tue-Sat 10am-6pm , Sun 10am-4pm",,NY,ny_open_data:qq4h-8p86
Schneider's Farm Stand,Melville,40.80186,-73.39911,11747,http://www.schneidersfarmmelville.com,Daily 9am-5pm,,NY,ny_open_data:qq4h-8p86
Thera Farms Farm Stand,Brentwood,40.77235,-73.24614,11717,,Daily 9am-5pm,,NY,ny_open_data:qq4h-8p86
Barryville Farmers' Market,Barryville,41.47847,-74.91539,12719,http://barryvillefarmersmarket.org,Sat 10am-1pm,,NY,ny_open_data:qq4h-8p86
Ben Ben Farm Stand,Cohecton,41.71087,-74.98006,12726,,Daily 6am-6pm,,NY,ny_open_data:qq4h-8p86
Callicoon Farmers' Market,Callicoon,41.76559,-75.05797,12723,http://www.callicoonfarmersmarket.org,Sun 11am-2pm,,NY,ny_open_data:qq4h-8p86
Callicoon WINTER Farmers' Market,Callicoon,41.76418,-75.05712,12723,http://callicoonfarmersmarket.org/,Sun 11am-2pm,,NY,ny_open_data:qq4h-8p86
Jeffersonville Farmers' Market,Jeffersonville,41.77905,-74.93624,12748,http://www.jeffersonvillefarmersmarket.com,Sun 11am-2pm,,NY,ny_open_data:qq4h-8p86
Kauneonga Lake Farmers' Market,Kauneonga Lake,41.68587,-74.83132,12749,http://www.kauneongalakefarmersmarket.org,Sat 11am-2pm,,NY,ny_open_data:qq4h-8p86
Liberty Farmers' Market,Liberty,41.80129,-74.74684,12754,https://www.catskillmountainkeeper.org/mountainkeeper_markets,Fri 3pm-6pm,,NY,ny_open_data:qq4h-8p86
Livingston Manor Farmers' Market,Livingston Manor,41.90119,-74.82754,12758,,Sun 10am-1pm,,NY,ny_open_data:qq4h-8p86
Music & Farmers' Market in the Park,Wurtsboro,41.57654,-74.48439,12790,,Thu 4pm-7pm,,NY,ny_open_data:qq4h-8p86
Narrowsburg Farmers' Market,Narrowsburg,41.6052,-75.06393,12764,,Sat 10am-1pm,,NY,ny_open_data:qq4h-8p86
Rock Hill Farmers' Market,Rock Hill,41.62135,-74.59112,12775,http://www.rockhillfarmersmarket.com,Sat 10am-1pm,,NY,ny_open_data:qq4h-8p86
Sullivan Fresh Market on the Move-Loch Sheldrake,Lock Sheldrake,41.75888,-74.60189,12788,http://sullivanfreshmarkets.org,Wed 2:30pm-4pm,,NY,ny_open_data:qq4h-8p86
Sullivan Fresh Market on the Move-PHS,Liberty,41.79551,-74.71228,12754,http://sullivanfreshmarkets.org,Tue 11:30am-1pm,,NY,ny_open_data:qq4h-8p86
Sullivan Fresh Market on the Move-S.Fallsburg,South Fallsburg,41.70828,-74.6297,12779,http://sullivanfreshmarkets.org,Wed 11:30am-1pm,,NY,ny_open_data:qq4h-8p86
Sullivan Fresh Market on the Move-Woodridge,Woodridge,41.70949,-74.57196,12789,http://sullivanfreshmarkets.org,Tue 2:30pm-4pm,,NY,ny_open_data:qq4h-8p86
Sullivan Fresh Monticello Farmers' Market,Monticello,41.65729,-74.69264,12701,http://www.sullivancce.org,Thu 10am-1pm,,NY,ny_open_data:qq4h-8p86
Candor Farmers' Market,Candor,42.23249,-76.33317,13743,http://www.candorfarmersmarket.org,Thu 3:30pm-6:30pm,,NY,ny_open_data:qq4h-8p86
Huizinga Farmstead Farm Stand,Willseyville,42.2521,-76.37442,13864,,Sat/Sun 8am-1pm,,NY,ny_open_data:qq4h-8p86
Newark Valley Farmers' Market,Newark Valley,42.22302,-76.18317,13811,,Sat 9:30-1:30pm,,NY,ny_open_data:qq4h-8p86
Parkers Produce Farm Stand,Waverly,42.00541,-76.52613,14892,,Daily 9am-7pm,,NY,ny_open_data:qq4h-8p86
Seven Counties Farmers' Market-Fri,Owego,42.08804,-76.2991,13827,,Fri 9am-1pm,,NY,ny_open_data:qq4h-8p86
Seven Counties Farmers' Market-Tues,Owego,42.08804,-76.2991,13827,,Tue 9am-1pm,,NY,ny_open_data:qq4h-8p86
Freeville Farmers' Market,Freeville,42.51179,-76.35084,13068,http://freevillefarmersmarket.org,Sun 11:30am-2:30pm,,NY,ny_open_data:qq4h-8p86
Indian Creek Farm Farm Stand,Ithaca,42.4718,-76.54806,14850,http://www.indiancreekithaca.com,Tue-Sun 9am-7pm,,NY,ny_open_data:qq4h-8p86
Ithaca Farmers' Market (East Hill Wed),Ithaca,42.43772,-76.46576,14850,http://www.ithacamarket.com,Wed 3pm-6pm,,NY,ny_open_data:qq4h-8p86
Ithaca Farmers' Market (Steamboat Sat),Ithaca,42.44958,-76.50785,14850,http://www.ithacamarket.com,Sat 9am-3pm,,NY,ny_open_data:qq4h-8p86
Ithaca Farmers' Market (Steamboat Sun),Ithaca,42.44958,-76.50782,14850,http://www.ithacamarket.com,Sun 10am-3pm,,NY,ny_open_data:qq4h-8p86
Ithaca WINTER Farmers' Market,Ithaca,42.47899,-76.48231,14850,http://www.ithacamarket.com,Sat 10:30am-2pm,,NY,ny_open_data:qq4h-8p86
Jasper Meadows Farm Stand,Freeville,42.52078,-76.35776,13068,,Mon-Fri 4pm-7pm,,NY,ny_open_data:qq4h-8p86
Trumansburg Farmers' Market,Trumansburg,42.54144,-76.65974,14886,http://www.tburgfarmersmarket.com,Wed 4pm-7pm,,NY,ny_open_data:qq4h-8p86
Caradonna Farm Stand,Milton,41.65546,-74.00413,12547,,Daily 9am-6pm,,NY,ny_open_data:qq4h-8p86
Heart of the Hudson Valley Farmers' Market,Milton,41.65396,-73.96606,12547,http://www.hhvfarmersmarket.com,Sat 9am-2pm,,NY,ny_open_data:qq4h-8p86
Kingston Farmers' Market,Kingston,41.93384,-74.01968,12401,http://www.kingstonfarmersmarket.org,Sat 9am-1pm,,NY,ny_open_data:qq4h-8p86
Kingston WINTER Farmers' Market,Kingston,41.93283,-74.01886,12401,http://www.kingstonfarmersmarket.org,alt. Sat 10am-2pm,,NY,ny_open_data:qq4h-8p86
Kingston YMCA Farm Stand,Kingston,41.92805,-74.0007,12401,http://www.kingstonymcafarmproject.org,"Thu 3:30pm-6pm, Tue 10am-12pm (Jul-Aug)",,NY,ny_open_data:qq4h-8p86
Phoenicia Farmers' Market,Phoenicia,42.08364,-74.31303,12464,,Sun 10am-2pm,,NY,ny_open_data:qq4h-8p86
Phoenicia Winter Farmers Market,Pine Hill,42.13228,-74.47963,12465,https://www.phoeniciafarmersmarket.com/,Sun 11am-2pm,,NY,ny_open_data:qq4h-8p86
Rosendale Farmers' Market,Rosendale,41.84442,-74.08274,12472,http://www.rosendalefarmersmarketny.com,Sun 10am-2pm,,NY,ny_open_data:qq4h-8p86
Saugerties Farmers' Market,Saugerties,42.07901,-73.94894,12477,http://www.saugertiesfarmersmarket.com,Sat 10am-2pm,,NY,ny_open_data:qq4h-8p86
White Feather Farm Farm Stand,Saugerties,42.06342,-74.05233,12477,,Sat 9am-2pm,,NY,ny_open_data:qq4h-8p86
Woodstock Farm Festival Farmers' Market,Woodstock,42.04018,-74.11797,12498,http://www.woodstockfarmfestival.org,Wed 3pm-7pm,,NY,ny_open_data:qq4h-8p86
Glens Falls Farmers' Market,Glens Falls,43.3099,-73.64699,12801,http://www.glensfallsfarmersmarket.com,Sat 8am-12pm,,NY,ny_open_data:qq4h-8p86
Glens Falls WINTER Farmers' Market,Queensbury,43.30817,-73.6419,12804,http://www.glensfallsfarmersmarket.com,Sat 9am-12pm,,NY,ny_open_data:qq4h-8p86
Bernard Farm Farm Stand,Cambridge,43.05597,-73.37297,12816,http://www.bernardfarm.com,"Thu-Sat 10am-5pm, Sun 10am-3pm",,NY,ny_open_data:qq4h-8p86
Butternut Ridge Farm Farm Stand,Argyle,43.18961,-73.4909,12809,,Daily 10am-5pm,,NY,ny_open_data:qq4h-8p86
Cambridge Valley Farmers' Market,Cambridge,43.02804,-73.38336,12816,http://www.cambridgevalleyfarmersmarket.com,Sun 10am-1pm,,NY,ny_open_data:qq4h-8p86
Cambridge Valley WINTER Farmers' Market,Cambridge,43.02786,-73.38237,12816,http://www.cambridgevalleyfarmersmarket.com,"Sun 10am-1pm, 2nd & 4th Sundays",,NY,ny_open_data:qq4h-8p86
Ft Edward Canal St. Mktplace Farmers' Market,Fort Edward,43.26875,-73.58419,12828,http://www.canalstreetmarketplace.org,Thu 4pm-7pm,,NY,ny_open_data:qq4h-8p86
Granville Rt. 22 Farmers' Market,Granville,43.40482,-73.26549,12832,,Thu 2pm-5pm,,NY,ny_open_data:qq4h-8p86
Salem Rt. 22 Farmers' Market,Salem,43.17322,-73.32837,12865,,Sat 10am-1pm,,NY,ny_open_data:qq4h-8p86
Slateville Farm Stand,Granville,43.34386,-73.29593,12832,http://www.slateville.com,Sat/Sun 10am-4pm,,NY,ny_open_data:qq4h-8p86
Stevens Vegetables Farm Stand,Argyle,43.18335,-73.48709,12809,,Daily 10am-5pm,,NY,ny_open_data:qq4h-8p86
Swezey View Farm Farm Stand,Fort Ann,43.389,-73.38693,12827,http://swezeyviewfarm.com,"Mon-Thur 10am-7pm, Fri-Sun 9am-4pm",,NY,ny_open_data:qq4h-8p86
Whitehall Rt. 22 Farmers' Market,Whitehall,43.55205,-73.40302,12887,,Tue 2pm-5pm,,NY,ny_open_data:qq4h-8p86
Curbside Market-The Gardens at Town Ctr,Rochester,43.25096,-77.69214,14612,http://www.foodlinkny.org,Tue 10:30am-11am,,NY,ny_open_data:qq4h-8p86
Ginegaw Farmers' Market,Walworth,43.1391,-77.28549,14568,http://www.townofwalworthny.gov,Tue 3:30pm-6:30pm,,NY,ny_open_data:qq4h-8p86
Lagoner Farm Stand,williamson,43.24852,-77.18646,14589,http://www.lagonerfarms.com,Daily 9am-7pm,,NY,ny_open_data:qq4h-8p86
LaMora Farms Farm Stand,Ontario,43.21573,-77.30373,14519,http://www.lamorafarms.com,Daily 8am-6pm,,NY,ny_open_data:qq4h-8p86
Lyons Farmers' Market,Lyons,43.06383,-76.99287,14489,https://www.lyonsny.org/farmersmarket,"Sat 8am-12pm, November 9am-1pm, at 7 Phelps St",,NY,ny_open_data:qq4h-8p86
Newark Farmers' Market,Newark,43.04474,-77.09409,14513,,Thu 4pm-7pm,,NY,ny_open_data:qq4h-8p86
Sodus Farmers' Market,Sodus,43.23615,-77.06587,14551,https://www.sutmc.org/sodus-farmers-market,Wed 2:30pm-6pm,,NY,ny_open_data:qq4h-8p86
The Apple Shed Farm Stand,Newark,43.12967,-77.09774,14513,http://www.theappleshed.com,Daily 10am-5pm,,NY,ny_open_data:qq4h-8p86
Village of Palmyra Farmers' Market,Palmyra,43.06366,-77.2323,14522,http://www.palmyrany.com,Wed  4pm-7pm,,NY,ny_open_data:qq4h-8p86
Williamson Farmers' Market,Williamson,43.23029,-77.14833,14589,,Thu 2:30pm-6:30pm,,NY,ny_open_data:qq4h-8p86
Amato Farm Stand,Katonah,41.279,-73.7077,10536,,Daily 10am-6pm,,NY,ny_open_data:qq4h-8p86
Bowen Farm Stand,Mount Vernon,40.9125,-73.82372,10553,,Thu-Sat 11am- 7pm,,NY,ny_open_data:qq4h-8p86
Bronxville Farmers' Market,Bronxville,40.94076,-73.83693,10708,,Sat 8:30am-1pm,,NY,ny_open_data:qq4h-8p86
Hastings Farmers' Market,Hastings,40.99561,-73.88317,10706,http://www.hastingsfarmersmarket.org,Sat 8:30am-1pm,,NY,ny_open_data:qq4h-8p86
Hastings WINTER Farmers' Market,Hastings on Hudson,40.9943,-73.88424,10706,http://www.hastingsfarmersmarket.org,"Sat 9:30am-1pm, 1st and 3rd Sat",,NY,ny_open_data:qq4h-8p86
Hilltop Hanover Farm Farm Stand,Yorktown Heights,41.25159,-73.7724,10598,http://www.hilltophanoverfarm.org,Thu-Sun 10am-4pm,,NY,ny_open_data:qq4h-8p86
Irvington Farmers' Market,Irvington,41.039046,-73.866942,10533,http://theirvingtonfarmersmarket.org,Sun 9am-1:30pm,,NY,ny_open_data:qq4h-8p86
Irvington WINTER Farmers' Market,Irvington,41.03918,-73.86737,10533,http://www.theirvingtonfarmersmarket.org,2nd & 4th sunday 9:30am-1pm,,NY,ny_open_data:qq4h-8p86
Larchmont Farmers' Market,Larchmont,40.93322,-73.75951,10538,http://www.downtoearthmarkets.com,Sat 8:30am-1pm,,NY,ny_open_data:qq4h-8p86
Muscoot Farmers' Market,Katonah,41.261,-73.72325,10536,http://www.muscootfarm.org,Sun 9:30am-2:30pm,,NY,ny_open_data:qq4h-8p86
Ossining Farmers' Market,Ossining,41.16065,-73.86353,10562,http://www.downtoearthmarkets.com,Sat 8:30am-1pm,,NY,ny_open_data:qq4h-8p86
Pelham Farmers' Market,Pelham,40.91075,-73.80995,10803,http://pelhammarket.org,Sun 9:30am-1pm,,NY,ny_open_data:qq4h-8p86
Pleasantville Farmers' Market,Pleasantville,41.13526,-73.79218,10570,http://www.pleasantvillefarmersmarket.org,Sat 8:30am-1pm,,NY,ny_open_data:qq4h-8p86
Rye Farmers' Market,Rye,40.98485,-73.68464,10580,http://www.downtoearthmarkets.com,Sun 8:30am-1pm,,NY,ny_open_data:qq4h-8p86
Saint John's Church Farmers' Market,Yonkers,40.93364,-73.89879,10701,,Thu 8am-4pm,,NY,ny_open_data:qq4h-8p86
Scarsdale Farmers' Market,Scarsdale,40.98964,-73.80634,10583,http://downtoearthmarkets.com,Sun 9am-2pm,,NY,ny_open_data:qq4h-8p86
TaSH Farmers' Market,Sleepy Hollow,41.08525,-73.85924,10591,http://www.tashfarmersmarket.org,Sat 8:30am-1:30pm,,NY,ny_open_data:qq4h-8p86
TaSH Winter Farmers' Market,Tarrytown,41.0818,-73.85807,10591,http://www.tashfarmersmarket.org,Sat 9am-12:30pm,,NY,ny_open_data:qq4h-8p86
Burley Berries Farm Stand,Warsaw,42.74407,-78.06216,14569,,Daily 10am-7pm,,NY,ny_open_data:qq4h-8p86
Merle's Fresh Produce Farm Stand,Attica,42.81336,-78.30333,14011,,"Mon-Fri 10am-6pm, Sat 10am-5pm",,NY,ny_open_data:qq4h-8p86
Perry Farmers' Market,Perry,42.71842,-78.00218,14530,http://www.perryfarmersmarket.com,Sat 8:30am-12:30pm,,NY,ny_open_data:qq4h-8p86
Keuka Trail Farm Stand,Branchport,42.59296,-77.18803,14418,,"Tue-Thu 10am-5pm, fri-Sat 9am-4pm",,NY,ny_open_data:qq4h-8p86
The Windmill Farmers' Market,Penn Yan,42.57687,-77.03609,14527,http://www.thewindmill.com,Sat 8am-4:30pm,,NY,ny_open_data:qq4h-8p86
Windy Acres Farm Farm Stand,Penn Yan,42.56271,-77.03607,14527,,"Mon-Fri 9am-5pm, Sat 8am-6pm",,NY,ny_open_data:qq4h-8p86
Windy Acres Farm MM-Rushville Church,Rushville,42.76115,-77.22738,14544,,Thu 2pm-5pm,,NY,ny_open_data:qq4h-8p86
Windy Acres Farm MM-St. Mark's Terrace,Dundee,42.52573,-76.98309,14873,,Mon 10am-1pm,,NY,ny_open_data:qq4h-8p86
Windy Acres Farm MM-United Methodist Church,Middlesex,42.70686,-77.26994,14507,,Thu 10am-1pm,,NY,ny_open_data:qq4h-8p86
Windy Acres Farm MM-Vineland Apts,Penn Yan,42.65829,-77.04721,14527,,Mon 2pm-5pm,,NY,ny_open_data:qq4h-8p86
Yates County Co-op Farm & Craft Market,Penn Yan,42.66095,-77.05365,14527,,Sat 8am-12:30pm,,NY,ny_open_data:qq4h-8p86
